,Country,Distance,Price,Rating,Review Count
0,US,75.94992621409,n/a,4.5,821
1,US,1131.717450610196,n/a,4.5,291
2,US,2377.859054078052,n/a,4.5,271
3,US,1798.5981681875057,n/a,4.5,178
4,US,2875.471385393226,$$,4.0,982
5,US,2997.0205199870816,$,4.0,1440
6,US,3169.1191403362195,$$,4.0,595
7,US,3529.0862581501738,$,4.5,346
8,US,2798.573093946414,$$,4.0,522
9,US,3211.041203155466,$$,4.0,652
10,US,3481.0553439505697,$$,4.0,793
11,US,3072.4657043908196,$$,3.5,1149
12,US,3533.571550206962,$$,4.0,660
13,US,2860.960718818742,$$$,4.0,546
14,US,3660.6648137862217,$$,4.5,499
15,US,3387.361990080732,$$,4.5,252
16,US,2251.3982780168617,$$$,3.5,366
17,US,3478.706132255396,$$,4.0,837
18,US,3409.467956419164,$$,4.5,245
19,US,3002.990722864024,$,4.5,159
20,FR,0.24503167103999998,n/a,4.5,1641
21,FR,539.22570099633,€€€,4.0,432
22,FR,28.485776018164,€€€€,4.0,353
23,FR,968.8522879935839,€€,4.5,169
24,FR,1719.0268355819278,n/a,4.5,568
25,FR,510.634214192794,€€€,4.0,288
26,FR,1308.196241571058,€€,4.5,304
27,FR,599.476458539784,€€€,4.5,191
28,FR,872.740810489772,€,4.5,206
29,FR,852.0511109878039,€€,4.0,247
30,FR,862.0951361467601,€€€€,4.0,201
31,FR,1244.788568082794,€€€,4.0,385
32,FR,6.80013661813,€€€€,3.5,222
33,FR,430.449189551006,€€,4.0,173
34,FR,617.307626285794,€€€,4.0,122
35,FR,777.641395091212,€€,4.0,118
36,FR,542.572311778148,€€€€,4.5,91
37,FR,589.660589029826,€€€,4.5,49
38,FR,1227.020311046724,€€€€,4.5,105
39,FR,1134.84469048634,€€€€,4.5,58
40,GB,5.932136031384,n/a,4.5,403
41,GB,1312.924467363262,££,4.5,1147
42,GB,456.3767337604,n/a,4.0,876
43,GB,246.482274432836,n/a,4.5,296
44,GB,913.1816369339518,£,4.5,306
45,GB,806.5380230585239,££,4.5,371
46,GB,116.282608550818,n/a,4.5,158
47,GB,368.070915748748,n/a,4.5,167
48,GB,743.3665778296319,n/a,4.5,166
49,GB,1421.8876630532561,£££,4.5,286
50,GB,1368.55941585873,£££,4.0,427
51,GB,1524.148822502566,££,4.5,272
52,GB,1615.87900913308,£££,4.0,441
53,GB,1976.83965685845,n/a,4.5,343
54,GB,1588.636647662142,££,4.0,410
55,GB,1585.323120243638,££,4.5,287
56,GB,1520.7563794878217,££,4.5,238
57,GB,1718.32419419738,££,4.5,287
58,GB,1546.237026394484,£££,4.5,232
59,GB,1507.9673404275538,££,4.0,252
60,IT,5.317613897602,n/a,4.0,189
61,IT,300.833421510976,€€,4.5,81
62,IT,26.031465408686,n/a,4.5,48
63,IT,315.16734634331,€,4.5,27
64,IT,153.563663115424,n/a,4.5,18
65,IT,254.78502251897797,€,4.5,15
66,IT,434.300864333044,€€€,4.5,16
67,IT,137.65743225423597,€€,4.0,13
68,IT,1293.156737182138,€,4.0,20
69,IT,375.64822260869397,€€,4.5,13
70,IT,668.2541539218159,€€,4.5,15
71,IT,353.00700201724595,€,4.5,12
72,IT,139.386815338846,€€,3.5,20
73,IT,195.516528219468,€,4.0,12
74,IT,566.235935449952,€€,4.0,14
75,IT,1150.875712950742,€€,4.5,13
76,IT,1222.8702142563438,€,4.0,13
77,IT,572.971012728308,n/a,4.5,8
78,IT,479.634441650704,n/a,5.0,5
79,IT,508.686272436408,€€,4.5,6
80,IT,4.6232556251000005,n/a,4.5,783
81,IT,768.5970032656219,€,4.5,439
82,IT,692.188093283532,€€,4.5,291
83,IT,276.471686746724,€,4.5,161
84,IT,368.17181042323597,n/a,4.5,186
85,IT,1402.246816617346,n/a,4.5,617
86,IT,1450.516454197058,€€,4.5,356
87,IT,1577.495672862822,n/a,4.5,355
88,IT,585.658257332094,€,4.5,111
89,IT,2014.496789558154,€,4.5,387
90,IT,1599.5263660242358,€,4.5,234
91,IT,544.1680786045879,€,4.5,103
92,IT,1627.181478143654,€€€,4.5,178
93,IT,1427.273143784262,€€,4.0,399
94,IT,2076.180793440676,€€,4.0,440
95,IT,529.057582365852,€€,4.0,113
96,IT,1209.970378413502,€€,4.5,181
97,IT,1255.932835108952,€€,4.0,316
98,IT,1447.186353956168,€€,5.0,89
99,IT,1996.7833302272159,€,4.5,160
100,US,810.389297919572,$$,4.0,5342
101,US,624.294256602738,$,4.5,2071
102,US,1576.689148581274,$,4.5,8717
103,US,761.712601766026,$$$$,4.5,1757
104,US,797.492936802724,$$,4.0,4773
105,US,201.728871266272,$$,4.0,1671
106,US,256.874253866654,$$$$,4.0,2060
107,US,142.650270879128,$,4.0,2338
108,US,864.193595932798,n/a,4.5,1209
109,US,628.630928846404,n/a,4.5,991
110,US,99.39792504093799,$$,4.0,1558
111,US,446.186263006662,$$$,4.0,1604
112,US,0.326575480434,n/a,4.0,1745
113,US,370.08690200967396,$$,4.5,1296
114,US,485.56005679734193,$$$,4.0,2048
115,US,1983.5545827859958,$$,4.0,9235
116,US,1126.675756124386,$$,4.0,4213
117,US,1126.457139838238,$$$$,4.5,2447
118,US,66.821338225852,$$,4.0,1662
119,US,459.703460341848,$$$,4.0,1288
120,US,35.674374481758,n/a,4.0,521
121,US,4392.452459236568,$,4.5,7204
122,US,3311.7762446339216,$$,4.0,2815
123,US,3565.569290737386,$$$,4.0,1663
124,US,1012.1224139810279,n/a,4.5,212
125,US,2563.221157541102,$,4.5,663
126,US,2578.596139474666,$,4.0,532
127,US,1629.614463549726,n/a,4.5,164
128,US,1228.058013961526,n/a,4.5,176
129,US,3775.9018886956655,$$$,4.0,2065
130,US,2759.4385831033596,$$,4.0,496
131,US,2497.806706274458,$,4.5,359
132,US,2891.547129002218,$$,4.5,472
133,US,2549.2769743013996,$$,5.0,151
134,US,3676.379817074986,$$,4.0,2332
135,US,2833.348290902276,$,5.0,165
136,US,3391.846867249668,$$,5.0,307
137,US,4084.956314442428,n/a,4.0,1624
138,US,3045.3928495521936,$$,3.5,1248
139,US,2240.670898608588,$$,3.5,1009
140,US,370.794643875484,n/a,4.5,1626
141,US,1075.01956571433,n/a,5.0,340
142,US,2019.141898411114,n/a,5.0,343
143,US,4347.9288822139215,$$$,4.5,2499
144,US,2968.582114730884,n/a,4.5,645
145,US,4298.0379147293415,$,4.0,2093
146,US,4045.2712244062077,$$,4.0,1894
147,US,4234.744058111096,$$$$,4.0,1725
148,US,932.4788702896499,n/a,4.5,91
149,US,4051.4803890065114,$$,4.5,1130
150,US,1178.20169090006,n/a,4.5,128
151,US,4451.112503924918,n/a,5.0,362
152,US,3132.366302863612,n/a,4.5,211
153,US,4208.866347597604,$,4.0,1389
154,US,1987.981435362166,$$$,3.5,593
155,US,4233.735758159962,$$,4.0,930
156,US,3951.0666805834394,$$,4.0,709
157,US,4054.542250249826,$$,4.5,373
158,US,3386.40466323822,n/a,4.5,147
159,US,1452.937544649322,$$,4.0,226
160,FR,0.28887830027399997,n/a,4.5,765
161,FR,839.394111837176,€,4.5,1384
162,FR,817.9877254358099,€€,4.5,504
163,FR,494.10240374455196,€€€,4.5,293
164,FR,405.734565309848,n/a,4.5,194
165,FR,1325.5677113239758,€€,4.5,570
166,FR,1196.558559374044,n/a,4.5,343
167,FR,609.907998125746,€€,4.5,195
168,FR,797.8428034563079,€€€,4.5,206
169,FR,810.89883218351,€,4.5,136
170,FR,608.023392266928,€,4.5,136
171,FR,823.297594545596,€€€,4.0,371
172,FR,378.602296857102,€€€,4.5,114
173,FR,1045.8884552996778,€€,4.5,252
174,FR,460.80769208477795,€€,4.0,168
175,FR,193.54288498141398,€€€,4.5,107
176,FR,679.3302615365579,€€€€,4.0,182
177,FR,376.74431752858396,€€,4.0,185
178,FR,779.806004223006,€€€,4.5,148
179,FR,903.0438204054,€€,4.5,200
180,JP,6.862211115006001,n/a,4.0,126
181,JP,2257.784468890628,??,4.5,297
182,JP,112.744679107932,???,5.0,35
183,JP,1461.23378038022,????,4.5,74
184,JP,2251.6449986902317,??,4.5,190
185,JP,2397.84215675962,?,4.5,133
186,JP,1803.8097785607902,????,4.5,74
187,JP,1428.2783151784358,??,4.0,88
188,JP,1161.493658365554,??,4.5,56
189,JP,1411.5212338231458,??,4.5,33
190,JP,2020.7573622716818,????,5.0,42
191,JP,1405.33234722871,?,4.5,41
192,JP,3129.676398879392,?,4.5,168
193,JP,3051.3428156223717,?,4.5,108
194,JP,1333.321323633998,??,4.5,28
195,JP,2005.9438711783519,????,4.5,64
196,JP,948.0609029874519,?,4.5,28
197,JP,1129.297068911268,??,4.0,45
198,JP,713.470211921854,?,4.5,26
199,JP,2617.5968557446777,?,5.0,56
200,GB,1136.848258597024,££,4.5,1147
201,GB,4.824450162012,n/a,4.0,876
202,GB,450.078254330644,n/a,4.5,403
203,GB,701.4598502503119,n/a,4.5,296
204,GB,578.0713267798819,££,4.5,371
205,GB,1357.088049833836,£,4.5,306
206,GB,1208.4472589649358,£££,4.5,286
207,GB,688.441579214454,n/a,4.5,167
208,GB,540.3629639599579,n/a,4.5,158
209,GB,1070.411209841752,n/a,4.5,166
210,GB,1326.6552926743318,££,4.5,272
211,GB,1371.322058470402,££,4.0,410
212,GB,1560.7091164454318,£££,4.0,427
213,GB,1580.0654137056679,£££,4.0,441
214,GB,1453.3908347333359,££,4.5,238
215,GB,1630.9403120323,££,4.5,287
216,GB,1763.030867441166,££,4.5,287
217,GB,892.5204081049899,££,4.5,112
218,GB,1487.7881472308839,££,4.0,294
219,GB,1324.470262144476,££,4.5,178
220,IT,791.708205210894,€€,4.5,385
221,IT,223.68144481100998,n/a,5.0,111
222,IT,341.39284279469996,€,5.0,133
223,IT,1432.92456119104,€,4.5,387
224,IT,1937.402467624622,n/a,4.5,355
225,IT,1397.94910569041,€€,4.0,440
226,IT,436.52648821132397,€,4.5,108
227,IT,727.6371043211919,€€,4.0,143
228,IT,690.443944504422,€,4.5,80
229,IT,1966.808640316582,€,4.5,234
230,IT,523.2030376048219,€,4.5,85
231,IT,1623.063060084636,n/a,4.5,198
232,IT,1695.8317022104377,€€,4.5,284
233,IT,1789.3445537933478,€€,4.5,238
234,IT,1617.955837941112,€€,4.0,319
235,IT,1814.4480620098518,€,4.0,287
236,IT,1448.087311894906,€,4.5,120
237,IT,1521.93884720271,€€,4.5,213
238,IT,1259.9717754292678,€€,4.5,78
239,IT,2307.774581536182,€€,5.0,89
240,ES,3.8822762212039996,n/a,4.5,858
241,ES,1679.808874022514,€€,4.0,879
242,ES,1269.949702741348,€€,4.5,316
243,ES,122.764960386396,€€,4.5,146
244,ES,1553.4824105809118,n/a,4.5,258
245,ES,1761.6409335913856,€€,4.0,745
246,ES,2178.748579313648,n/a,4.5,667
247,ES,190.72973564785198,€€,5.0,44
248,ES,2012.266250111778,€€,4.5,601
249,ES,1673.250662405488,€€,4.5,125
250,ES,2736.233980214376,€,4.5,419
251,ES,1393.6593494092258,n/a,4.5,198
252,ES,2128.3952980147396,€€,4.5,315
253,ES,1415.498253177622,€,4.0,203
254,ES,2826.4901594641697,€€,4.5,415
255,ES,169.8957063504,€€,4.0,93
256,ES,1469.7495107750378,€,5.0,95
257,ES,2211.184464751214,€€,4.5,277
258,ES,693.213214700082,€€,4.0,117
259,ES,1060.29515641802,€€,4.5,75
260,US,205.78186450440197,$$,4.0,519
261,US,222.250342595624,$$,4.0,533
262,US,63.02493204183,$$$,3.5,426
263,US,1816.0118409507159,$$$,4.0,503
264,US,1647.4205709751238,$$,4.0,600
265,US,1147.406267040348,$$$,4.0,303
266,US,1458.54351670851,$,4.0,303
267,US,1709.8739916212098,$$,4.0,385
268,US,2075.009941941908,$$,4.5,223
269,US,378.18259450355794,$$,3.5,334
270,US,1802.8272566959076,$$$,4.0,488
271,US,1689.1955612007237,$$,4.5,169
272,US,1499.046350057286,$$$,3.5,470
273,US,1076.179099851416,$$$$,4.0,215
274,US,2709.177987074666,$$$$,4.5,227
275,US,1576.3338188621258,$$,4.0,209
276,US,1268.037942971512,$$$,3.5,334
277,US,1500.356047847356,$$$,4.0,330
278,US,2798.59040304185,$$,4.0,633
279,US,1593.24254768188,$$$,4.0,231
280,AU,45.70992437347199,n/a,4.5,245
281,AU,1032.014109691144,$$$,4.0,223
282,AU,650.431861524972,n/a,4.5,58
283,AU,672.633725376258,$$,4.5,78
284,AU,719.390408098844,$$$,4.0,125
285,AU,1135.25811062026,$$$$,4.0,115
286,AU,1694.0942669540718,$$$,4.5,108
287,AU,498.16806039633997,$$$$,4.0,83
288,AU,831.4798564958259,$$,4.5,46
289,AU,714.1721995924939,$$$,4.0,91
290,AU,698.5863913830519,$,4.5,53
291,AU,2556.726100770894,$$,4.0,248
292,AU,16.219034414571997,$$$$,4.0,37
293,AU,2443.348484012494,$$,4.0,247
294,AU,1489.4850844117539,$,4.0,103
295,AU,1762.955837435422,$$$,4.5,75
296,AU,673.324389730658,n/a,4.5,43
297,AU,1595.171794218288,$$,4.0,123
298,AU,1148.1265879904,$$,4.0,97
299,AU,680.94267907744,$$,4.0,78
300,FR,3.789462686592,n/a,4.5,568
301,FR,1715.502311297506,n/a,4.5,1641
302,FR,999.795772581702,€€,4.5,304
303,FR,288.665975380714,€€€,4.5,166
304,FR,859.722842814504,€€€,4.0,385
305,FR,674.94743696224,€€€€,4.5,105
306,FR,206.15744583624198,€€€€,4.0,119
307,FR,652.2060603833639,€€,4.0,173
308,FR,1806.8078906280239,€€€,4.0,432
309,FR,1210.812261343256,€€,4.5,173
310,FR,544.095386969864,€€€€,4.5,81
311,FR,868.804181224078,€€€,4.0,237
312,FR,323.08812192567,€€€,4.5,56
313,FR,1127.47890465435,n/a,4.0,263
314,FR,1100.880634686618,€€,3.5,364
315,FR,1743.56748067398,€€€€,4.0,353
316,FR,1454.4060812396458,€€€€,4.5,134
317,FR,1127.48436836365,€€€,4.0,122
318,FR,390.48042195765595,€€€€,4.0,85
319,FR,173.301073170014,€€,3.5,169
320,DE,2249.8754677225097,n/a,4.5,501
321,DE,759.2441090087319,€,4.5,149
322,DE,1067.649950940612,€€,4.0,259
323,DE,966.291032717756,€,4.0,250
324,DE,1508.10082858226,€€,4.0,595
325,DE,1084.6297652737699,€€,4.0,264
326,DE,540.86877115339,€€,4.0,227
327,DE,911.942565512584,€€,4.0,260
328,DE,1042.0999688387299,€€,4.0,205
329,DE,1041.53807823844,€€,4.0,275
330,DE,2070.6405548737876,n/a,4.5,274
331,DE,1799.4020183897098,€,4.0,495
332,DE,827.8476252006959,€€,4.0,167
333,DE,1033.45887439846,€€,4.0,201
334,DE,847.6707007453539,€€€,4.0,166
335,DE,733.457641474946,€€,4.0,188
336,DE,481.273454983492,€€€,4.0,137
337,DE,620.53221723068,€€€€,4.5,86
338,DE,1670.718542781954,€€,4.0,647
339,DE,2567.23549877765,€€€,4.5,292
340,GB,2.5308113910479997,n/a,4.5,269
341,GB,4374.425204194135,£,4.0,1
342,AU,1453.67125836592,n/a,4.5,44
343,AU,280.464952871302,$$$,3.0,2
344,GB,304.857047995588,n/a,4.5,536
345,GB,13.385216649258,n/a,4.5,393
346,GB,1115.96679995763,££,4.5,276
347,GB,859.5865444302899,n/a,4.5,142
348,GB,1238.7590259432397,£££,4.0,520
349,GB,1537.330603287094,££,4.0,633
350,GB,2107.134916088062,££,4.5,323
351,GB,1897.30734543705,n/a,4.5,265
352,GB,719.7273900545199,££,4.5,71
353,GB,1199.515642766384,££,4.5,73
354,GB,807.200703726202,n/a,4.0,113
355,GB,1515.956663916006,££,4.0,193
356,GB,1729.553744012554,£££,4.5,162
357,GB,1006.9156974497499,££,4.5,70
358,GB,1684.1399040810738,££,4.0,220
359,GB,349.52314881237,££,4.0,45
360,GB,2452.180324832528,£££,4.0,266
361,GB,1221.918061602866,££,4.5,81
362,GB,1038.955492609318,n/a,4.5,64
363,GB,695.979262836128,££,4.0,95
364,US,701.989592352894,$$$,4.5,1622
365,US,575.194498598398,$$,4.5,1119
366,US,537.985167650506,$$,4.0,1722
367,US,524.381637110086,n/a,4.5,366
368,US,586.847313041206,$$,4.0,1227
369,US,175.965625221214,$$,4.5,571
370,US,200.85433756379598,$$,3.5,1752
371,US,315.23897404336,$$$,4.0,619
372,US,1821.840291872986,$$,4.0,1901
373,US,155.68006655966,$$,4.0,482
374,US,2134.621854108688,$$$,4.5,2584
375,US,276.557022322092,$,4.5,428
376,US,2525.757071611758,$$$,4.0,3869
377,US,568.9101012155099,$$,4.0,826
378,US,338.866361493856,$,4.0,516
379,US,273.253319441486,$$,4.0,549
380,US,696.40149217534,$$$$,4.5,261
381,US,1770.725261028142,$,4.5,616
382,US,948.705516882422,$$$,4.0,557
383,US,273.36708400795396,$$,4.0,301
384,US,1153.1551045565539,$$$,4.5,7007
385,US,1166.33050302051,$$,4.5,4873
386,US,1262.1432736627999,$$,4.5,4493
387,US,1013.4003471009798,n/a,4.5,1483
388,US,1645.1436698229618,$$,4.0,5757
389,US,1160.312432578344,$$$,4.5,1855
390,US,1217.41985427071,$$,4.0,3661
391,US,863.8302903246099,$$$,4.5,1905
392,US,1286.931875884144,$$,4.0,4377
393,US,972.7546214192079,$$$,4.0,2401
394,US,1379.722169534402,$$,4.0,3309
395,US,1256.457314669734,n/a,4.5,1063
396,US,1663.584738965746,$,4.0,4118
397,US,1736.6077722012258,$$,4.0,3908
398,US,1686.876614109854,$$$,4.5,1988
399,US,1370.2892399025,$$$,4.0,2862
400,US,849.6504446694798,$,4.5,1388
401,US,1428.980538456452,$$$,4.0,2542
402,US,799.15395174452,$,4.5,963
403,US,15.921915649762,n/a,4.0,1194
404,US,21.250412870048,n/a,4.5,1166
405,US,483.10026558049395,$$,4.5,1586
406,US,495.781075399224,$$,3.5,4213
407,US,1959.557895418614,$$,4.0,8683
408,US,1340.920553084358,$$,4.5,2965
409,US,496.70513364338797,n/a,4.5,461
410,US,957.439278407364,$$,4.0,4981
411,US,2819.746700099358,$$,4.0,9235
412,US,372.899001892622,$$$$,4.0,882
413,US,1720.8289458676759,$$,4.0,5363
414,US,1996.4014734349798,$$,4.0,4028
415,US,436.81474273141396,$$,4.5,418
416,US,1881.3660420683082,$,4.5,1641
417,US,1207.4769487719739,$,4.5,1315
418,US,1160.499108132578,$,4.5,988
419,US,1894.2325140398739,$$,4.0,2983
420,US,1547.034805683406,$$,4.5,1574
421,US,1064.105454585856,$,4.0,1350
422,US,1266.892646504472,$,4.5,925
423,US,1802.410820819762,$$$,4.0,2775
424,IT,0.299108874654,n/a,4.5,617
425,IT,150.20945286919198,€€,4.5,356
426,IT,595.6778776546199,n/a,4.5,355
427,IT,1399.292155120772,n/a,4.5,783
428,IT,1104.28255462182,€,4.5,387
429,IT,247.12577321611997,€€,4.0,399
430,IT,514.919445975502,€,4.5,234
431,IT,134.28902312305198,€€,5.0,89
432,IT,519.808023669428,€€€,4.5,178
433,IT,785.173852059368,€€,4.5,291
434,IT,1079.4732953950381,€€,4.0,440
435,IT,726.644229893958,€,4.0,287
436,IT,875.2227309362898,n/a,4.5,198
437,IT,1453.8172050653018,€,4.5,439
438,IT,1152.989819062128,n/a,4.5,186
439,IT,366.41759602709595,€€,4.0,181
440,IT,1101.5004536411418,€€,4.0,319
441,IT,1192.0201145185379,€€€,4.5,217
442,IT,358.824621276646,€€€,4.5,111
443,IT,1139.5553875081978,€€,4.0,316
444,IT,188.680335465176,€,4.5,764
445,IT,91.356953486668,€€,4.0,351
446,IT,160.56523052157797,n/a,4.5,132
447,IT,497.03771357136196,€€,4.5,163
448,IT,73.982527698038,n/a,4.5,99
449,IT,537.310583821386,€€,4.5,149
450,IT,265.74286536981,€€€,4.5,170
451,IT,611.7460118212899,n/a,4.5,93
452,IT,627.38756306218,€,4.5,129
453,IT,157.55085832672,€€€,4.0,172
454,IT,199.803295795338,€€,4.0,118
455,IT,1117.735539291006,€€,4.5,172
456,IT,370.07440419710196,€€,4.0,119
457,IT,270.833069708438,€€€,4.5,67
458,IT,448.59020578029197,€€€,4.5,62
459,IT,73.826537429584,€€€,4.5,44
460,IT,635.976256748314,€€,4.5,52
461,IT,489.096785511654,n/a,4.0,69
462,IT,525.919685279294,€€€,4.0,76
463,IT,428.59533093755795,€€€€,4.5,36
464,US,590.1057498546979,$,4.5,8717
465,US,445.641905361002,$,4.5,3186
466,US,409.980020645116,$$$$,4.5,2093
467,US,270.47420314277196,$$$$,4.5,2375
468,US,640.5128814402799,$$,4.0,4741
469,US,146.042336503642,$$,4.0,3363
470,US,530.017157778212,$$,4.0,3056
471,US,485.0295294977739,n/a,4.5,1447
472,US,207.46253930457198,$$,4.0,2808
473,US,891.3790635332539,$,4.5,2071
474,US,570.9391892743099,n/a,4.5,991
475,US,954.2455484881859,n/a,4.5,1209
476,US,651.956187173868,$$,4.0,2128
477,US,345.42151713515597,$$,4.0,2813
478,US,269.21040807472,$$,4.0,1619
479,US,176.29842385849398,$$,4.0,1712
480,US,921.641627676936,$$$$,4.0,2060
481,US,607.7826918126299,$$,4.0,1685
482,US,973.63994236677,$$,4.0,1671
483,US,509.23997310543797,$,4.0,1537
484,US,752.0805418976299,$$,4.0,10452
485,US,276.564732509098,$$,4.0,6297
486,US,1138.423884694298,$$$,4.0,3869
487,US,1347.8373710367719,$$$,4.5,2584
488,US,1502.570678967832,n/a,5.0,801
489,US,845.6442912720498,$$$,4.0,1554
490,US,1581.283332605812,$$$,4.0,2349
491,US,360.38578970709597,$$$,4.5,884
492,US,1544.274975715252,$$$,4.0,1970
493,US,385.831873945116,$$,3.5,1856
494,US,892.521893686744,$,4.5,780
495,US,1243.71689071312,$$,4.0,2648
496,US,2166.438358171276,$$,4.5,3634
497,US,1469.654436761462,$$,4.0,2312
498,US,4.253939292946,n/a,4.0,538
499,US,551.65577564306,$,4.0,1269
500,US,604.7807342274659,$,4.5,426
501,US,1197.591330949218,$$,4.0,1366
502,US,1120.857547846546,$$,4.0,1489
503,US,1057.28816095492,$$,4.5,667
504,FR,714.5409372059839,€€,4.5,570
505,FR,1235.5723357600239,n/a,4.5,765
506,FR,1605.9355883236758,€,4.5,1384
507,FR,536.637416855202,€€,4.5,246
508,FR,957.3526696831219,€€,4.5,504
509,FR,287.70133280043,€€€,4.5,226
510,FR,836.944711967774,n/a,4.5,194
511,FR,831.791021902024,€€€€,4.0,336
512,FR,0.0,n/a,4.5,95
513,FR,826.2588081481119,€€€,4.5,206
514,FR,734.230883961558,€€,4.5,195
515,FR,744.2704341897099,€€€,4.0,313
516,FR,822.6503714276839,€€,4.5,162
517,FR,1600.054713472774,n/a,4.5,343
518,FR,213.87883561891599,€€€,4.0,291
519,FR,638.777117161636,€€€€,4.5,118
520,FR,240.47647762218,n/a,4.5,133
521,FR,677.0875036590339,€€€€,4.0,182
522,FR,865.57479476786,€,4.5,136
523,FR,1320.784153203892,€€€,4.5,293
524,BE,280.297086478318,n/a,4.5,280
525,BE,398.75181382417196,€€,4.0,473
526,BE,409.368115459108,€€,4.5,369
527,BE,609.80094096653,€€,4.5,258
528,BE,475.74322103964795,€€,4.0,481
529,BE,212.07440659609597,€€,4.5,189
530,BE,485.016737658784,€€,4.0,344
531,BE,99.389205958686,€€,4.0,241
532,BE,175.56754290216398,€€,4.0,141
533,BE,22.74583541628,€€,4.0,98
534,BE,413.858253721438,€€,4.5,106
535,BE,349.126249519154,€€,4.0,177
536,BE,283.070984492082,€€,4.5,48
537,BE,587.4188413350199,€€,4.5,99
538,BE,170.601836945002,€€,4.0,124
539,BE,542.23973651726,€€,4.0,134
540,BE,1488.758148913368,€€,4.5,104
541,BE,857.938655748336,€€,4.0,181
542,BE,1271.494273243708,€€€€,4.5,78
543,BE,0.841280553792,n/a,3.5,232
544,GB,1608.341731869756,££,4.5,1147
545,GB,802.492917356668,n/a,4.5,343
546,GB,1198.48107355843,n/a,4.5,403
547,GB,1560.8433297687418,n/a,4.0,876
548,GB,1030.138548966862,n/a,4.5,296
549,GB,1056.3968794948,£,4.5,306
550,GB,1301.546150319422,££,4.5,287
551,GB,497.667391825528,n/a,4.5,166
552,GB,697.951689574076,£££,4.0,427
553,GB,1267.5076400139399,£££,4.0,529
554,GB,1254.3298030780159,££££,4.5,252
555,GB,1475.0912089285418,££,4.5,371
556,GB,1.911336835284,n/a,4.0,277
557,GB,874.29469697859,n/a,4.5,167
558,GB,1220.147336987666,££,4.5,287
559,GB,677.55250700237,££,4.5,189
560,GB,1450.1176803446099,£££,4.0,441
561,GB,1163.65797668961,£££,4.5,232
562,GB,1297.401116512682,£,4.0,327
563,GB,1203.279857322386,n/a,4.5,158
564,FR,1.0810998944399999,n/a,4.5,515
565,FR,73.25040046881199,n/a,4.5,63
566,FR,675.817942164828,€€€€,5.0,23
567,FR,811.15429961978,€€,4.0,68
568,FR,575.682191704526,€€€,4.0,34
569,FR,161.094662343408,€€€,3.5,54
570,FR,459.842527595532,€€,5.0,12
571,FR,479.020948850786,€€,4.0,29
572,FR,410.44701940911796,€€€,4.5,19
573,FR,1240.69530738759,€€,4.0,30
574,FR,301.945647650356,€€€,4.5,14
575,FR,577.73041900021,€,4.0,26
576,FR,570.763838323788,€€€,3.5,34
577,FR,685.3381747902479,€€,3.5,36
578,FR,592.925218422704,€€,4.5,21
579,FR,582.157836937522,€€€,3.5,32
580,FR,457.75754281331393,€€,3.5,46
581,FR,760.6125794128,€€,4.5,12
582,FR,950.9517782931259,€€,3.5,31
583,FR,458.6248840534619,€€,3.5,33
584,DE,0.9561386667899999,n/a,4.0,228
585,DE,891.867994865578,n/a,4.5,45
586,DE,115.359762622476,€€,4.0,23
587,DE,277.032451935552,n/a,4.5,13
588,DE,2273.009415757474,€€,4.5,23
589,DE,891.867994865578,€€€,3.5,22
590,DE,2176.6785385408016,€€,4.0,25
591,DE,1070.99374859611,€€,3.5,10
592,DE,693.3473771682479,€€,3.0,8
593,DE,665.8675709378319,n/a,3.0,8
594,DE,2452.79022494183,n/a,4.5,5
595,DE,2694.7454251499958,€€€€,5.0,2
596,DE,2412.263166198034,€€,3.5,11
597,DE,3670.990561154208,n/a,3.5,8
598,DE,1969.4675162256017,n/a,4.5,2
599,DE,2443.545412671868,€€,4.5,4
600,DE,9.883686131954,n/a,4.0,1
601,DE,2384.15678001482,n/a,4.0,4
602,DE,2185.588599561262,n/a,3.5,4
603,DE,2345.561961823568,€€,4.0,6
604,CH,1571.0731356888919,$$,5.0,2
605,IT,4917.851367885486,€€,4.0,3
606,IT,3476.504885693832,n/a,5.0,1
607,IT,4871.820757089442,€€,4.5,2
608,CH,3809.9200645074457,$$$,3.0,4
609,IT,4927.59237717507,n/a,5.0,1
610,IT,5051.359530228234,n/a,4.0,1
611,IT,355.703713992468,€€,5.0,92
612,IT,1513.5689479566618,n/a,4.5,104
613,IT,691.246869336126,€€€,5.0,11
614,IT,173.60093585952401,n/a,4.0,11
615,IT,387.80592321965196,€€,4.5,10
616,IT,461.88161367908197,n/a,5.0,9
617,IT,136.49043222795598,€€€€,5.0,3
618,IT,110.58729478619999,€€€,5.0,4
619,IT,301.949500893118,n/a,5.0,6
620,IT,379.77547739271796,€€€,4.0,8
621,IT,395.694035315504,€€,4.5,4
622,IT,551.31096650136,€€€,3.5,9
623,IT,183.54007405425398,€,4.5,3
624,IT,247.72187516613,€€,4.0,8
625,IT,305.623654046842,n/a,4.5,3
626,IT,1630.6645220114438,€,5.0,2
627,IT,739.2913719980199,€,3.5,3
628,IT,357.95675169017596,€€€,3.0,7
629,IT,1207.824763517058,€€,3.0,5
630,IT,213.64001857521998,n/a,5.0,1
631,IT,527.903941470912,€,4.5,856
632,IT,443.375170731488,€€,4.5,528
633,IT,501.26225376305604,€€€,4.5,427
634,IT,515.66706197569,€€,4.5,288
635,IT,396.62308058246,€€,4.0,585
636,IT,642.28689232776,€,4.5,264
637,IT,563.5566284868299,€€,4.5,181
638,IT,485.99768510634397,€,4.5,147
639,IT,404.528807709282,€€,4.5,168
640,IT,515.6172023694139,€€,4.5,194
641,IT,714.3180054746259,€€€,4.5,163
642,IT,203.74645013006202,€€€,4.5,118
643,IT,284.58088160320796,€,4.5,142
644,IT,365.074698357496,€€,4.5,145
645,IT,81.512006260656,n/a,4.5,68
646,IT,550.9043628879439,€€€€,4.5,158
647,IT,658.279490673124,€€,4.5,125
648,IT,585.132222505136,n/a,4.5,162
649,IT,939.930287654634,€,4.5,343
650,IT,638.848919314142,€€€,4.5,145
651,GB,274.28090347010396,n/a,4.5,386
652,GB,552.308498841356,££,4.5,282
653,GB,368.269063965974,£,4.5,247
654,GB,488.92399276799597,££,4.0,189
655,GB,886.8632545276499,£,4.5,187
656,GB,324.017598495746,£,4.5,142
657,GB,640.3898763654,££,4.0,174
658,GB,471.04012637901593,££,4.5,118
659,GB,330.93103329361196,n/a,4.5,124
660,GB,736.125340912384,£,4.5,134
661,GB,785.9868320473919,n/a,4.5,101
662,GB,669.811141769748,££,4.0,168
663,GB,441.076285512124,££,4.0,108
664,GB,358.823744830082,££,4.0,95
665,GB,722.850396722728,££,4.5,76
666,GB,846.247770758488,££,4.5,102
667,GB,673.1923113577919,£,5.0,46
668,GB,626.8376465952259,££,4.5,85
669,GB,1450.9447670024038,n/a,4.5,112
670,GB,655.020327886358,£,4.0,90
671,BR,2.7341955959639996,n/a,5.0,164
672,BR,1068.3565958802778,n/a,4.5,52
673,BR,1640.8748343180418,$$$,4.5,33
674,BR,2231.134086079686,$$,4.5,64
675,BR,3632.87355134187,$$$$,4.5,57
676,BR,3926.591910766542,$$$,4.5,103
677,BR,1731.610601554922,$$,4.0,29
678,BR,3444.2816087152596,$$,4.0,68
679,BR,1123.489582217442,$$$,4.0,27
680,BR,3202.850692854934,$,4.5,50
681,BR,1536.3245763677758,$$,4.5,14
682,BR,2182.51911374783,$$,4.5,22
683,BR,1810.51381826884,$$,5.0,14
684,BR,1625.8081296691118,$$$,4.5,22
685,BR,1137.907436544786,$$,4.0,21
686,BR,2534.566034054352,$$,4.5,35
687,BR,2440.560531149708,$$,4.0,42
688,BR,1130.858724488936,$$$$,5.0,10
689,BR,1500.63924517743,$$$,4.0,22
690,BR,1482.3981482778279,$$,4.0,24
691,CA,602.947349959366,$$,4.5,1672
692,CA,548.910396260634,$$$,4.5,597
693,CA,670.72972214242,$$,4.0,1302
694,CA,1058.726393833978,$,4.5,981
695,CA,934.9675222835199,$$$$,4.5,453
696,CA,0.7137319902239999,n/a,4.0,564
697,CA,1161.8884819320378,$$$,4.5,558
698,CA,627.18411190872,$$$$,4.0,562
699,CA,793.44013974314,$$$,4.0,510
700,CA,674.6456599628,$$,4.5,319
701,CA,1697.256533793448,$,4.5,994
702,CA,1137.492188522494,$$,4.0,641
703,CA,22.71388760327,$$$$,3.5,649
704,CA,798.5841399727499,$$$,4.0,396
705,CA,1086.644336442034,$$$,4.0,508
706,CA,1100.234835834606,$$,4.0,728
707,CA,975.5393520614459,$$$$,4.5,181
708,CA,623.4823205935719,$$,4.0,277
709,CA,1133.945570574816,$$,4.0,564
710,CA,2101.2593831194217,$$,4.0,1246
711,US,871.896870179762,n/a,4.5,359
712,US,647.8624201803,n/a,4.5,173
713,US,253.91004335118996,n/a,4.5,134
714,US,1215.676559568338,$,4.5,254
715,CA,1167.4853536563278,$$$,4.5,209
716,US,1418.47754900251,$$,4.0,456
717,CA,1061.638781992102,$$$,4.5,161
718,CA,1173.85920073136,$$,4.5,237
719,CA,1499.017225026636,$$,4.5,169
720,CA,782.65367035902,$$$,3.5,427
721,CA,1006.8759227725839,$$,4.0,311
722,CA,1422.966936346796,$$,4.0,287
723,US,1444.118296431986,$,4.5,182
724,CA,1851.0160059504078,$,4.0,224
725,US,1020.56728529658,$$,4.5,149
726,CA,937.864432775128,$,4.0,196
727,CA,542.563721121228,$$$,4.0,172
728,CA,1346.196988316578,$$,4.0,150
729,CA,2698.808675999418,$$,4.5,244
730,CA,736.214031639784,$$$,3.5,280
731,GB,22.528831206009997,n/a,4.5,536
732,GB,294.741232593242,n/a,4.5,393
733,GB,961.052926814448,£££,4.0,520
734,GB,1111.100359861942,££,4.5,276
735,GB,643.729690904398,n/a,4.5,142
736,GB,1338.146885689016,££,4.0,633
737,GB,1826.2090134790158,££,4.5,323
738,GB,1741.647419928424,n/a,4.5,265
739,GB,951.678366978742,££,4.5,73
740,GB,933.721923379112,££,4.5,71
741,GB,1449.87670018702,£££,4.5,162
742,GB,961.3059664003939,££££,4.0,192
743,GB,827.47075655779,n/a,4.0,113
744,GB,1449.3744832701939,££,4.0,193
745,GB,1051.34200129571,£,4.5,70
746,GB,763.53941928319,n/a,4.5,64
747,GB,1665.3026292706138,££,4.0,220
748,GB,246.24653444721997,££,4.0,76
749,GB,1019.6712466274199,££,4.5,70
750,GB,2239.236290928814,£££,4.0,266
751,ES,635.7430036758,€,4.0,753
752,ES,77.780643483942,n/a,4.5,151
753,ES,894.882106025488,€,4.5,215
754,ES,685.233977589146,€€€,4.0,362
755,ES,1468.622881847328,€€,4.5,270
756,ES,1919.078474587224,n/a,4.5,345
757,ES,765.014715423382,€€,4.5,119
758,ES,737.834515192746,n/a,4.5,117
759,ES,651.103537759514,n/a,4.0,184
760,ES,751.031561532778,€,4.0,193
761,ES,1099.431601687754,€€,4.0,290
762,ES,814.808959964622,€€,4.5,84
763,ES,1187.6084082457778,€,4.5,168
764,ES,783.364689323872,€€,4.5,111
765,ES,575.938151437902,€€,4.0,88
766,ES,1023.7788053429199,€,4.0,153
767,ES,988.533639425152,€€,4.5,68
768,ES,321.613427195836,€€€,4.5,53
769,ES,1098.256899360234,€,4.5,127
770,ES,954.3425889543079,€€,4.5,54
771,FR,25.036565948929997,n/a,4.5,152
772,FR,90.21315080901599,€€,4.0,17
773,FR,2470.277207326324,€€,5.0,12
774,FR,90.21315080901599,€€€€,2.5,24
775,FR,127.93334211700599,€€€,2.0,18
776,FR,2109.843317665308,n/a,3.5,9
777,FR,121.85461387996598,€€,2.5,12
778,FR,124.34444085296998,€€,2.5,5
779,FR,2379.56317245587,n/a,3.0,12
780,FR,24.424408901211997,n/a,4.5,2
781,FR,90.21315080901599,€€,2.0,9
782,FR,123.061906147156,€€,2.0,9
783,FR,133.013964606208,n/a,3.0,4
784,FR,110.241671157526,€,3.5,2
785,FR,4248.6011171549535,€€€,4.0,6
786,FR,2331.4752296840256,€€€,3.5,3
787,FR,118.43065725214399,n/a,3.0,1
788,FR,88.95164905046398,n/a,1.5,4
789,FR,3673.284021449366,€€,4.5,2
790,FR,4322.775826603101,n/a,4.0,2
791,US,240.653853766158,$$,4.5,1729
792,US,366.649046799744,$$,4.0,2041
793,US,287.47207362699396,$$,4.0,1859
794,US,298.966233860846,$$,4.5,1096
795,US,126.77564777740798,$$,4.0,1475
796,US,317.787368922314,$$$,4.5,814
797,US,430.36702131769204,$$$$,4.5,632
798,US,242.939592126128,$,4.5,716
799,US,940.1162214640619,$$,4.5,919
800,US,281.63104957504,$$$,4.5,508
801,US,97.34670067137199,$$,4.0,822
802,US,304.890392071982,$$,4.0,956
803,US,104.366671202294,$$,4.5,309
804,US,165.030632584372,$$,4.0,969
805,US,774.223117180514,$$,4.5,733
806,US,72.495999652118,$$,4.0,994
807,US,202.57175778044999,$$,3.5,1371
808,US,275.947441023044,$$,4.5,327
809,US,1305.9289847107138,$,4.5,586
810,US,1745.5108800682158,$,4.5,1421
811,MY,43.455558648396,n/a,4.5,48
812,MY,136.06528177571,$$$,4.0,34
813,MY,1756.9390240487298,$$,4.5,51
814,MY,979.1722381970219,$$,4.0,33
815,MY,505.67922112920996,$$,4.5,16
816,MY,422.95981751146195,n/a,4.0,22
817,MY,1545.393990533554,$,4.5,20
818,MY,34.181619255642,$$,3.5,33
819,MY,1072.184791840122,$$,4.0,37
820,MY,777.460377171748,$$,3.5,31
821,MY,1004.5748437009319,$$,4.5,21
822,MY,1213.789399526006,$$,4.5,19
823,MY,532.80733523168,$$$,3.5,33
824,MY,1257.165269773094,$$,4.0,22
825,MY,230.20959991139398,$$,4.0,15
826,MY,622.5864858277899,$$$$,5.0,7
827,MY,649.941484361592,$$$,3.5,26
828,MY,1236.65316673375,$$$,4.0,18
829,MY,1473.123008639302,$,5.0,11
830,MY,872.588082192564,$,4.5,12
831,GB,379.09384191851996,££,4.5,33
832,GB,254.122498922884,££,4.0,37
833,GB,240.856714613706,££,4.0,30
834,GB,223.11993208375196,££,4.0,23
835,GB,353.11204782333,££,4.0,20
836,GB,245.12768667841,££,4.0,25
837,GB,245.788735797196,££,4.0,16
838,GB,280.402601246078,££,4.0,21
839,GB,427.31616232728794,££,4.5,18
840,GB,423.4220838502599,££,4.0,19
841,GB,673.916090135768,££,4.5,9
842,GB,238.86519353946,££,3.5,16
843,GB,414.168240768888,£££,4.0,10
844,GB,439.622991463742,££,4.5,9
845,GB,284.42097468399595,££,3.5,19
846,GB,293.820082587392,££,4.0,16
847,GB,253.068372854316,££,4.0,12
848,GB,938.1569575179739,£,4.0,13
849,GB,302.45755311585,££,3.5,12
850,GB,826.242695275098,££,4.0,12
851,FR,7.685315782838,n/a,4.5,524
852,FR,279.544392366694,€€,4.5,323
853,FR,355.209566145468,€€,4.5,197
854,FR,83.426222366134,€€,4.5,143
855,FR,109.345012892466,€€,4.5,99
856,FR,276.349770712222,€€,4.5,110
857,FR,700.916579391954,€€,4.0,218
858,FR,300.467676948018,€€,4.5,102
859,FR,2472.994051662144,€€,4.5,570
860,FR,672.456856657182,€€,4.5,145
861,FR,3451.414389152162,€,4.5,1384
862,FR,841.352918730704,€€,4.5,126
863,FR,3784.3403131561117,n/a,4.5,765
864,FR,551.597078668042,€€,4.5,115
865,FR,366.25091925823995,€€€,4.5,78
866,FR,270.97286229165996,€€€,5.0,53
867,FR,649.9429462860479,€€,4.0,136
868,FR,446.4640449076359,€€€€,4.5,87
869,FR,274.602596052044,€€,4.5,70
870,FR,1842.087338867406,n/a,4.5,204
871,US,929.8022436822979,n/a,4.5,249
872,US,340.580291373918,$$$,4.5,349
873,US,902.9680710246761,$,4.5,127
874,US,1051.080721567096,$,4.5,183
875,US,586.1536496817159,$$,3.5,523
876,US,971.3851934578399,$$,4.0,297
877,US,2357.842975698016,$,4.5,898
878,US,310.378509105224,$$,4.0,323
879,US,297.280200763146,$$,4.0,164
880,US,1053.1129576558699,$,5.0,102
881,US,2060.6176492445857,$$,3.5,939
882,US,1509.4331855576618,$$,4.0,289
883,US,872.210698560858,$,4.0,245
884,US,177.97759923658597,$$,4.0,139
885,US,2958.6202973950058,$,4.5,375
886,US,2028.517349338378,$$,4.5,180
887,US,1507.4463412254559,$,4.0,261
888,US,454.121550007802,$$,4.0,207
889,US,2446.0004317128137,$,4.5,292
890,US,926.324558272972,$$,4.0,160
891,US,53.778598462766,n/a,5.0,1995
892,US,1287.3553627616318,$$,4.5,2139
893,US,954.3825644771059,$$,4.0,2882
894,US,2621.905791013444,$,4.5,8717
895,US,704.7816166849459,$$,4.0,2260
896,US,969.72801019365,$$,4.0,2218
897,US,1799.2578847727718,$$$$,4.5,1353
898,US,1588.804838819938,$$,4.5,1586
899,US,1073.931522805262,$$$,4.0,1174
900,US,1446.080005448336,$$,4.0,1957
901,US,1569.2602125695519,$$,4.0,1462
902,US,1042.825555388328,$$$,4.0,905
903,US,1282.91538633963,$$,4.0,1055
904,US,977.3017964614119,$$,4.0,1252
905,US,1340.086894203872,$,4.5,770
906,US,2784.518393305562,$,4.5,3186
907,US,668.7629221399139,$$,3.5,1315
908,US,1006.48070169912,$$,4.0,900
909,US,1007.8408456998959,$$,4.0,1038
910,US,2742.752318018892,$$$$,4.5,2093
911,US,767.41388763045,n/a,4.5,406
912,US,3653.483278715888,$$,4.0,172
913,US,486.4118822296159,$$,3.0,22
914,US,1747.390044748494,n/a,5.0,1
915,US,2548.9752354433176,n/a,5.0,2
916,US,434.072292669656,$$,3.0,1
917,JP,4.079401863794,n/a,4.5,22
918,JP,737.932184267072,n/a,5.0,1
919,JP,3758.723552778402,n/a,4.0,2
920,JP,3778.3939248096876,?,5.0,1
921,IT,363.901973747902,€,4.5,764
922,IT,435.0024089523819,€€,4.0,351
923,IT,657.3200692746019,€€,4.5,172
924,IT,537.32088617233,€€,4.5,163
925,IT,468.17089991502195,n/a,4.5,132
926,IT,337.652704930702,n/a,4.5,93
927,IT,185.32936771717598,€,4.5,129
928,IT,591.9066373639139,€€,4.5,149
929,IT,217.625552786702,€€€,4.5,170
930,IT,556.265526974352,n/a,4.5,99
931,IT,114.806436768732,€€,4.0,119
932,IT,519.321727953222,€€€,4.0,172
933,IT,8.159913367518,n/a,4.0,69
934,IT,163.28517476810597,€€,4.5,52
935,IT,593.404738334708,€€,4.0,118
936,IT,426.404859872898,€€€,4.5,67
937,IT,777.124494878094,€€€,4.5,62
938,IT,1035.182896932464,€€,4.5,74
939,IT,257.808519993504,€€,4.5,44
940,IT,828.2716215952279,€,4.5,66
941,IT,440.611286192138,€€,5.0,41
942,IT,245.34895918022798,€€€,5.0,20
943,IT,348.042788722934,€€€€,4.5,27
944,IT,765.917852247546,€€,5.0,24
945,IT,275.82925656519996,€€,4.5,25
946,IT,430.05492700044596,€€€,4.5,24
947,IT,474.849423537372,n/a,3.5,55
948,IT,470.52235358175,€,5.0,11
949,IT,393.513848899048,€€€,4.5,17
950,IT,191.754953624802,€€,4.5,16
951,IT,323.174816910536,€€,4.5,14
952,IT,130.899094219256,€€€,4.5,11
953,IT,113.06926801907,€€€,4.0,16
954,IT,418.314870879974,€€,4.5,14
955,IT,397.03326368990395,€€€,4.0,13
956,IT,127.347876938792,€€€,4.5,9
957,IT,192.22909608812998,€€€,4.5,8
958,IT,391.100638901962,€€€€,5.0,5
959,IT,1012.615054037382,€€€€,4.5,14
960,IT,971.6544811013599,€€€,4.5,13
961,US,1374.596198097076,$$,4.5,5524
962,US,1281.735615878582,$,4.5,4957
963,US,761.242109124884,$$,4.0,3330
964,US,1234.934633658486,$$,4.5,3251
965,US,653.4933511716799,$$$,4.5,1778
966,US,316.706433180554,$$,4.5,1507
967,US,1062.037360631608,$$,4.0,3239
968,US,832.219163634528,$$,4.0,2977
969,US,1068.151575459384,$$,4.0,3607
970,US,10.926316684902,n/a,4.0,2106
971,US,1436.2381945041159,$,4.5,1925
972,US,1295.309346270222,$,4.5,1957
973,US,839.00793477171,$$,4.5,1501
974,US,1332.21218388687,$,4.0,2171
975,US,1585.6898551944319,$$,4.0,3720
976,US,1255.89587371904,$,4.0,2455
977,US,557.951631848616,$$,4.5,724
978,US,1277.649592707226,n/a,4.5,776
979,US,3.2403571660640003,$$$,4.0,1493
980,US,1453.6736847678378,$$,4.5,1085
981,GB,250.08033670388798,n/a,4.5,403
982,GB,1462.962474184508,££,4.5,1147
983,GB,5.474961161543999,n/a,4.5,296
984,GB,701.434571220394,n/a,4.0,876
985,GB,678.19978113636,£,4.5,306
986,GB,999.4206930420739,££,4.5,371
987,GB,184.710752548972,n/a,4.5,158
988,GB,358.61723544781995,n/a,4.5,167
989,GB,641.612835879358,n/a,4.5,166
990,GB,1583.883695487376,£££,4.5,286
991,GB,1325.280763105164,£££,4.0,427
992,GB,1676.968934810642,££,4.5,272
993,GB,1833.0954977864399,n/a,4.5,343
994,GB,1691.816691810318,£££,4.0,441
995,GB,1619.8355578436897,££,4.5,287
996,GB,1749.2785231621538,££,4.5,287
997,GB,1615.154577445866,££,4.5,238
998,GB,1574.9463699942398,£££,4.5,232
999,GB,1117.963794075348,££,4.0,297
1000,GB,1608.698484567332,££,4.0,252
1001,ES,1286.447171644264,n/a,4.5,5
1002,ES,2359.764948500426,n/a,5.0,2
1003,ES,2085.055607983928,€€,4.5,4
1004,ES,2123.308564217822,€€,4.0,5
1005,ES,2428.5384214571,n/a,4.0,3
1006,ES,2207.425334100272,€€,4.5,3
1007,ES,2340.25396630741,€,4.0,5
1008,ES,3269.548152617088,n/a,5.0,2
1009,GB,1560.1934644364178,n/a,5.0,1
1010,ES,1994.503135077942,n/a,5.0,1
1011,ES,1878.178836735358,n/a,5.0,1
1012,ES,2142.6875908306138,€,4.5,3
1013,ES,2066.202506762974,n/a,5.0,1
1014,ES,2020.938165022388,n/a,5.0,1
1015,ES,2325.772264151444,n/a,5.0,1
1016,ES,3845.354687562704,n/a,4.0,3
1017,ES,2452.4057864463657,n/a,5.0,2
1018,ES,1601.2104935024418,n/a,4.0,1
1019,ES,1467.8787029145778,n/a,4.0,1
1020,ES,3001.815768031058,€€,5.0,1
1021,US,1.203092211658,n/a,4.5,1533
1022,US,2354.830689529666,$$$$,4.5,4716
1023,US,2308.216347780192,$$,4.0,3987
1024,US,2251.023192522676,$,4.5,2510
1025,US,3464.1155733762257,$$$,4.5,4235
1026,US,3727.993198719174,$$$,4.0,6195
1027,US,2043.709297493194,$$$,4.0,2983
1028,US,3055.431276782894,$$,4.0,3811
1029,US,3925.203795631896,$$$,4.5,3997
1030,US,3207.5987658326876,$$,4.0,3935
1031,US,2360.2475269631,$$,4.5,1736
1032,US,3283.562519335124,$$,4.5,2996
1033,US,3293.1178346069396,$,4.5,2804
1034,US,2177.438250823232,$$,4.0,2847
1035,US,2284.418999058834,$$,4.0,2147
1036,US,3293.3863597451677,n/a,5.0,756
1037,US,2327.9596834246618,$$,4.5,832
1038,US,3208.041983540444,$$$$,4.5,1385
1039,US,3408.193315365116,n/a,4.5,868
1040,US,2820.600566013818,$$$,4.0,1960
1041,GB,1344.023743788212,n/a,4.5,20
1042,GB,2572.970014777196,££,4.0,8
1043,GB,1428.03644280275,n/a,4.0,2
1044,GB,1715.7565271500578,n/a,5.0,2
1045,GB,2396.7863014552217,n/a,4.5,3
1046,AR,650.990724956722,n/a,5.0,49
1047,BR,2748.199004525042,n/a,5.0,33
1048,AR,851.749662776526,n/a,5.0,2
1049,AR,65.201272618488,n/a,4.0,2
1050,US,1446.1512440099739,$$,4.0,10452
1051,US,961.929629907244,$$,4.0,6297
1052,US,1470.9040083216598,$$$,4.0,3869
1053,US,1353.462460767688,$$$,4.5,2584
1054,US,1291.4995556882218,n/a,5.0,801
1055,US,930.44290069301,$$$,4.0,1554
1056,US,1081.692483522658,$,4.5,780
1057,US,1614.0806080541638,$$,4.0,2648
1058,US,1694.713609222088,$$,4.0,2312
1059,US,452.24988871433993,n/a,4.5,241
1060,US,928.5149717232599,$$,3.5,1856
1061,US,2691.336220859152,$$,4.5,3634
1062,US,1187.482321445732,$$$,4.5,884
1063,US,1086.4321402959479,n/a,5.0,270
1064,US,959.534464956776,$$$,4.0,1138
1065,US,1322.518043084238,$$,3.5,2288
1066,US,902.3807430354119,n/a,4.5,274
1067,US,1005.2109520730679,$,4.0,1269
1068,US,1055.072690724568,n/a,4.5,303
1069,US,1399.369598009978,$$,4.0,1118
1070,GB,836.550301840736,n/a,4.5,536
1071,GB,775.854775185766,n/a,4.5,393
1072,GB,362.291168282898,££,4.5,276
1073,GB,781.9841910345119,n/a,4.5,142
1074,GB,819.128695353194,££,4.0,193
1075,GB,919.8291509885119,££,4.0,220
1076,GB,1354.3418640111358,£££,4.0,520
1077,GB,1361.5247716875558,n/a,4.5,265
1078,GB,90.29320276022999,n/a,4.0,113
1079,GB,2330.434221667666,££,4.5,323
1080,GB,993.21516715951,n/a,4.5,112
1081,GB,242.182102503172,££,4.5,70
1082,GB,540.07738303641,££,4.5,71
1083,GB,2139.095948699624,££,4.0,633
1084,GB,450.26514199589,££,4.5,81
1085,GB,282.892204681756,££,4.0,118
1086,GB,1795.572019164396,££,4.0,294
1087,GB,268.390290502862,££,4.0,115
1088,GB,90.29320276022999,££££,4.0,79
1089,GB,363.270118378584,£££,4.0,79
1090,GB,748.262661646252,n/a,4.5,536
1091,GB,192.55292957507197,£££,4.0,520
1092,GB,1057.594240363916,n/a,4.5,393
1093,GB,1145.4773869506578,££,4.5,323
1094,GB,1214.27438556132,££,4.0,633
1095,GB,424.344151018976,n/a,4.5,142
1096,GB,807.2557809736919,£££,4.5,162
1097,GB,1259.816840887854,££,4.5,276
1098,GB,1327.450755801126,n/a,4.5,265
1099,GB,1215.913158458712,££,4.5,155
1100,GB,773.1223049632159,££,4.0,251
1101,GB,192.756096840956,££££,4.0,192
1102,GB,15.029287815798,n/a,4.5,64
1103,GB,708.0108003643239,££,4.5,73
1104,GB,394.31411574480796,£,4.5,70
1105,GB,1433.796584644984,£££,4.5,165
1106,GB,602.597922494668,££,4.5,74
1107,GB,1609.7131229040558,£££,4.0,266
1108,GB,1858.7700650132138,££,4.0,294
1109,GB,555.412032817432,££,4.5,51
1110,DE,3.813872994778,n/a,4.5,501
1111,DE,280.850519192238,n/a,4.5,274
1112,DE,273.01115690179796,n/a,4.5,222
1113,DE,1041.50673956062,€€€,4.5,292
1114,DE,1052.060087516238,n/a,4.5,199
1115,DE,663.28241116938,€€,4.5,125
1116,DE,2589.3520911052997,€,4.5,808
1117,DE,484.557209451062,€€€€,5.0,62
1118,DE,1194.655967048584,n/a,4.5,101
1119,DE,630.50560137594,€€,4.0,174
1120,DE,585.894147630066,€€€,4.0,140
1121,DE,1615.5309626430358,n/a,4.5,143
1122,DE,806.680741260932,€€€,4.5,87
1123,DE,1879.4129853466,n/a,4.5,165
1124,DE,277.22735137812,€€€,4.0,104
1125,DE,964.2971106691639,€€€€,4.5,95
1126,DE,1016.3070539670359,€€€,3.5,275
1127,DE,770.255488485872,€€,4.0,172
1128,DE,1317.6482737468918,n/a,4.5,104
1129,DE,1657.3853343688058,€,4.5,149
1130,DE,1.6786533081959998,n/a,4.5,484
1131,DE,154.944952717262,€€,3.5,422
1132,DE,510.18558379181593,n/a,4.5,101
1133,DE,570.4894004704,€€,4.0,136
1134,DE,261.949382390964,€€,4.0,202
1135,DE,941.102575167484,n/a,4.5,80
1136,DE,469.43255761861997,€€€,4.0,193
1137,DE,757.042625069518,€€,4.0,186
1138,DE,1122.033043256818,€€,4.5,116
1139,DE,1293.932215524812,€€,4.5,140
1140,DE,470.55516561033994,€€,4.0,144
1141,DE,971.914394661248,n/a,4.5,72
1142,DE,1918.615865780874,€€,4.5,261
1143,DE,528.684740291626,€€€,4.0,94
1144,DE,175.71176776868,€€€,4.0,111
1145,DE,134.744113575724,€€,3.5,181
1146,DE,957.0670576993119,€€,4.5,88
1147,DE,1909.646251294648,€€€,5.0,115
1148,DE,394.77021509272595,€€€,4.5,51
1149,DE,898.3628749302538,€€,4.0,109
1150,US,3323.17769304345,$$,4.0,10452
1151,US,2014.3618602394781,n/a,5.0,801
1152,US,2113.617690214456,$$,4.0,1602
1153,US,3519.125906762102,$$,4.0,6297
1154,US,3581.0799305378437,$$,4.5,3634
1155,US,1301.908881876032,$,5.0,235
1156,US,3301.191901755508,$$,4.0,2635
1157,US,2257.4538674852497,n/a,5.0,270
1158,US,2015.7746254739698,n/a,4.5,274
1159,US,2839.348158582504,$,4.5,493
1160,US,3161.185993435412,$,4.0,1405
1161,US,1619.228708077424,n/a,4.5,190
1162,US,1348.1040969328799,$$,4.5,278
1163,US,1971.6575135005658,n/a,4.5,194
1164,US,1901.114796199624,n/a,4.5,218
1165,US,2381.5840495010557,n/a,4.5,241
1166,US,3335.2749725934477,$$$,4.0,851
1167,US,3776.7677363073594,$$$,4.0,1970
1168,US,1645.922487224268,n/a,4.5,188
1169,US,311.987430354956,n/a,4.5,72
1170,IT,114.50276493237598,n/a,4.5,12
1171,IT,42.636790508128,n/a,5.0,5
1172,IT,3946.427637976676,n/a,2.0,1
1173,MX,14.193292656434,n/a,4.5,136
1174,MX,3141.768385149196,n/a,4.5,53
1175,MX,484.625171074592,$$,4.0,20
1176,MX,2249.0733306627358,$,4.0,29
1177,MX,2722.001662350414,$,4.5,13
1178,MX,1290.937204977626,$,4.0,6
1179,MX,205.89817070153197,n/a,3.5,3
1180,MX,477.031094409044,n/a,4.0,2
1181,MX,3159.7716982013817,n/a,3.5,6
1182,MX,1843.1080466690057,n/a,3.0,5
1183,MX,1872.8013185358698,$$,3.5,3
1184,MX,2748.351659114478,$,3.5,3
1185,MX,2199.126847707384,n/a,5.0,1
1186,US,231.71345877884,$$,4.5,4493
1187,US,341.62774447511,n/a,4.5,1483
1188,US,935.661281559674,$$,4.0,5757
1189,US,130.958362992776,n/a,4.5,1063
1190,US,205.85325434399996,$$$,4.0,2401
1191,US,2046.1822870683159,$$$,4.5,7007
1192,US,63.37710954672,n/a,4.5,607
1193,US,1055.97524528952,$$$,4.5,1988
1194,US,1204.7859835889578,$$$,4.5,1855
1195,US,1219.113573737184,$$,4.0,4377
1196,US,1094.260541532582,$$,4.0,3309
1197,US,1078.719831697026,$$$,4.0,2542
1198,US,860.3855487488198,$$$,4.0,1813
1199,US,816.767374822926,$,4.5,1388
1200,US,607.8542657607239,$,4.5,963
1201,US,1055.3793272870719,$$,4.0,2264
1202,US,2029.233303666208,$$,4.5,4873
1203,US,1381.1045250021218,$,4.0,4118
1204,US,1270.948724847382,$$,4.0,3908
1205,US,908.8016610523679,$$$,4.0,1422
1206,US,25.419632321109997,n/a,5.0,3
1207,US,0.6038029637779999,$$$,3.5,47
1208,US,36.91138530419,n/a,4.5,11
1209,US,0.027327558804,n/a,4.5,5
1210,US,0.027327558804,n/a,5.0,1
1211,US,0.027327558804,n/a,5.0,1
1212,US,0.55548623176,n/a,3.0,7
1213,US,193.16989790565398,n/a,3.0,1
1214,TR,152.01934785438797,n/a,4.5,170
1215,TR,191.370187950516,n/a,4.5,111
1216,TR,450.95375444178995,n/a,4.5,97
1217,TR,423.063697994452,n/a,4.5,107
1218,TR,1000.9225613168741,??,4.5,95
1219,TR,471.506266560128,??,5.0,49
1220,TR,286.25603668904597,??,4.0,71
1221,TR,874.9656107078399,?,4.5,49
1222,TR,1038.869244860038,??,4.0,122
1223,TR,1230.653042524726,??,4.5,69
1224,TR,376.3659414169,n/a,4.5,30
1225,TR,1661.644345335828,???,4.5,50
1226,TR,330.154218555002,??,4.0,33
1227,TR,1295.056003323686,??,4.0,87
1228,TR,557.23750347795,??,4.5,35
1229,TR,2003.5798920184038,n/a,4.5,77
1230,TR,2086.742248124676,??,4.5,51
1231,TR,731.68049494941,??,4.0,36
1232,TR,214.89755685122,???,4.5,24
1233,TR,1588.367046036388,n/a,4.5,32
1234,DK,6.143227687428,n/a,4.0,132
1235,DK,1105.860626594026,$,4.0,237
1236,DK,1382.8553000777479,$,4.5,165
1237,DK,1258.728299083386,$,4.5,132
1238,DK,947.607733443004,$$$,4.5,105
1239,DK,225.548357746802,$$$$,5.0,34
1240,DK,205.387018729026,$$,4.0,123
1241,DK,1593.82325146677,$$$,4.5,166
1242,DK,778.508719916092,n/a,4.0,123
1243,DK,1009.1471474606979,$,4.5,69
1244,DK,794.900759185334,n/a,4.5,48
1245,DK,686.1530821238559,$$,4.0,122
1246,DK,1082.7233399832319,$,4.5,74
1247,DK,1125.480170840092,$$,4.5,99
1248,DK,918.006213911956,$$,4.0,97
1249,DK,437.58560468229797,$$$,4.0,71
1250,DK,284.09957999089,$$$,4.0,58
1251,DK,1385.388566195098,$,4.5,112
1252,DK,472.91273750494594,$,4.0,66
1253,DK,437.76761154119197,$$,4.5,38
1254,US,16.061756513183997,$$$,5.0,61
1255,US,2025.3503569939598,$$,4.5,407
1256,US,7.745873154896,$$,4.0,153
1257,US,1418.09289984444,$$$,4.0,229
1258,US,12.314076638209999,$$,3.5,145
1259,US,1697.4711247983878,$$,4.5,66
1260,US,2235.582289286834,$,4.5,60
1261,US,2439.061962665644,$$,4.0,114
1262,US,31.278440706601998,$$,3.5,54
1263,US,3248.9852375640558,$$,3.5,269
1264,US,3204.823697185008,$$,4.0,119
1265,US,1272.712695706338,$$,4.0,20
1266,US,2283.754346627788,$,4.0,56
1267,US,3411.1604447405375,$$,3.0,148
1268,US,1096.374967419826,$,4.0,18
1269,US,2660.173526782162,$$,3.5,107
1270,US,1983.3747968163018,$$,4.5,24
1271,US,1920.997887895298,$$,3.0,56
1272,US,1269.4795559473719,$,3.5,33
1273,US,930.4701231619118,$$,3.0,54
1274,GB,1105.140363580214,n/a,4.5,17
1275,AU,662.837203995516,n/a,4.5,245
1276,AU,1.7013055733659999,n/a,4.5,58
1277,AU,1323.30810156451,$$$,4.0,223
1278,AU,745.3510342231459,$$,4.5,78
1279,AU,760.9779121456519,$$$,4.0,125
1280,AU,613.1175929186439,$$$$,4.0,83
1281,AU,1535.995058048218,$$$$,4.0,115
1282,AU,1146.009280418952,$$,4.5,46
1283,AU,809.852742193298,$,4.5,53
1284,AU,1084.07467574432,$$$,4.0,91
1285,AU,2905.419421736648,$$,4.0,248
1286,AU,2841.537876636978,$$,4.0,247
1287,AU,1994.0081114281138,$$$,4.5,108
1288,AU,820.5067627344839,$$,4.0,78
1289,AU,2585.05560794385,$$,4.5,81
1290,AU,1030.956700408042,n/a,4.5,43
1291,AU,572.953047665888,$$,3.5,144
1292,AU,771.747411039472,$$$,4.0,52
1293,AU,606.693688771318,$$,4.0,53
1294,AU,1518.416475249604,$$,4.0,97
1295,IT,776.7854563468319,€€,4.5,385
1296,IT,195.094619138916,n/a,5.0,111
1297,IT,392.88162981888996,€,5.0,133
1298,IT,1419.094916610346,€,4.5,387
1299,IT,1913.2682109772281,n/a,4.5,355
1300,IT,2396.218332860554,n/a,4.5,617
1301,IT,1375.834708663454,€€,4.0,440
1302,IT,348.936635792882,€,4.5,108
1303,IT,630.284631590976,€€,4.0,143
1304,IT,614.835799619756,€,4.5,80
1305,IT,990.738010842194,n/a,4.5,103
1306,IT,1937.622528615288,€,4.5,234
1307,IT,425.551627394662,€,4.5,85
1308,IT,1600.685864112106,n/a,4.5,198
1309,IT,1727.460938320738,€€,4.5,284
1310,IT,1615.9910006896698,€€,4.0,319
1311,IT,1826.676561671694,€€,4.5,238
1312,IT,1793.2681324381797,€,4.0,287
1313,IT,1433.5520346494059,€,4.5,120
1314,IT,1508.0161055216959,€€,4.5,213
1315,IT,564.2742676327059,n/a,4.5,617
1316,IT,474.35793303258004,€€,4.5,356
1317,IT,958.7865550911039,n/a,4.5,355
1318,IT,1917.84266143562,n/a,4.5,783
1319,IT,428.76336872525195,€€€,4.5,178
1320,IT,498.234727949576,€€,4.0,399
1321,IT,851.705360060336,€,4.5,234
1322,IT,602.705503654988,€€,5.0,89
1323,IT,1331.451526760926,€,4.5,387
1324,IT,1030.6793119906981,€€€,4.5,217
1325,IT,1119.8616596082938,n/a,4.5,198
1326,IT,334.63396852763196,€€,4.0,181
1327,IT,1053.7204139823818,€,4.0,287
1328,IT,1814.239088567116,€,4.5,439
1329,IT,281.44426651689395,€€€,4.5,111
1330,IT,1251.959343910558,€€,4.5,291
1331,IT,1255.081856189518,€€,4.0,440
1332,IT,809.0319216617279,€€,4.5,121
1333,IT,1267.291989097676,€,4.5,160
1334,IT,552.638384090434,€€,4.0,146
1335,IT,257.21343112302395,€,4.5,764
1336,IT,158.745672093418,€€,4.0,351
1337,IT,236.94071274159398,n/a,4.5,132
1338,IT,515.448480451286,€€,4.5,163
1339,IT,54.765143033912,n/a,4.5,99
1340,IT,547.3632315021939,€€,4.5,149
1341,IT,366.48867510314,€€€,4.5,170
1342,IT,714.779858534912,n/a,4.5,93
1343,IT,732.3332999021779,€,4.5,129
1344,IT,211.444897483564,€€€,4.0,172
1345,IT,148.365934426178,€€,4.0,118
1346,IT,1222.8808970552639,€€,4.5,172
1347,IT,385.26670785512397,€€€,4.5,62
1348,IT,469.6802865435,€€,4.0,119
1349,IT,356.449708582606,€€€,4.5,67
1350,IT,171.45457905734,€€€,4.5,44
1351,IT,739.1527865807319,€€,4.5,52
1352,IT,589.448926701818,n/a,4.0,69
1353,IT,187.125259674098,€€€,4.5,50
1354,IT,619.89346938001,€€€,4.0,76
1355,FR,610.116964165518,€,4.5,1384
1356,FR,870.6023713185199,n/a,4.5,765
1357,FR,660.400262348922,€€,4.5,570
1358,FR,162.79683358076,€€,4.5,200
1359,FR,802.024304746514,n/a,4.5,194
1360,FR,1371.696792484732,€€,4.5,504
1361,FR,699.645203205964,€€,4.0,346
1362,FR,523.287910012138,€,4.5,136
1363,FR,553.981213041216,€€€,4.0,268
1364,FR,456.53069449017994,€€,4.0,214
1365,FR,856.7047860357159,€€€€,4.5,169
1366,FR,1946.3739513592577,n/a,4.5,343
1367,FR,1252.498419863272,€€,4.5,252
1368,FR,448.8036699253639,€€,4.5,149
1369,FR,1311.553780093344,€€€,4.5,293
1370,FR,734.7834014438199,€€,4.0,168
1371,FR,856.7894658050341,€€,4.5,100
1372,FR,880.015057706298,€€€,4.5,226
1373,FR,463.86536212392997,€€,4.0,158
1374,FR,632.589490519486,€€,4.5,117
1375,FR,42.768076602912,n/a,4.0,17
1376,FR,1403.6072989013899,€€,4.0,5
1377,FR,1269.16125376201,n/a,4.0,6
1378,FR,1258.284580388088,€€,3.5,5
1379,FR,1203.470857012266,n/a,4.5,2
1380,FR,1258.284580388088,n/a,4.5,2
1381,FR,1398.7925347131018,€€,4.0,2
1382,FR,1272.77073140355,€€€,5.0,1
1383,FR,1315.178122081926,n/a,2.5,3
1384,FR,1297.0455370239658,n/a,4.0,1
1385,FR,1418.478937541062,€€,3.0,2
1386,FR,4800.16463802625,n/a,5.0,2
1387,FR,1047.798077383192,n/a,2.0,1
1388,FR,1430.11069216063,n/a,5.0,1
1389,FR,1258.284580388088,n/a,4.0,1
1390,FR,1258.284580388088,€€,5.0,1
1391,FR,1462.668387255324,n/a,5.0,1
1392,US,762.166684289056,n/a,5.0,372
1393,US,4136.797910315589,$$,3.5,163
1394,US,3795.58672016405,n/a,5.0,11
1395,US,4039.416127480624,$,3.5,38
1396,US,4215.656394780472,n/a,4.5,7
1397,US,1441.415636336124,n/a,4.5,2
1398,US,2835.57312636489,n/a,4.5,2
1399,US,4465.8903952909095,n/a,4.5,2
1400,US,4278.6466611559,n/a,3.0,3
1401,JP,736.751570029062,??,5.0,13
1402,JP,729.627420965382,?,4.5,9
1403,JP,916.4111811054898,?,4.5,12
1404,JP,1126.85405264991,??,4.0,10
1405,JP,755.971977999312,?,4.5,7
1406,JP,1651.6789720022862,n/a,4.5,10
1407,JP,1657.426779540892,?,4.0,14
1408,JP,770.848989742442,?,5.0,4
1409,JP,282.63041044714396,?,4.0,5
1410,JP,407.82453711485795,?,4.5,4
1411,JP,1195.432733989796,?,4.5,4
1412,JP,426.739086638494,n/a,4.0,5
1413,JP,395.52605610778596,?,5.0,2
1414,JP,1019.529433839696,??,5.0,4
1415,JP,348.926980718486,?,5.0,2
1416,JP,887.9700266137698,n/a,4.0,5
1417,JP,1194.866382138092,??,4.5,3
1418,JP,2657.333880952972,??,3.5,17
1419,JP,1366.2423977227838,??,4.5,3
1420,JP,1362.678698240346,??,4.5,4
1421,US,1333.7507089035198,$$,4.0,4981
1422,US,2421.925767960016,$$,4.0,8683
1423,US,2811.054563831648,$$,4.0,9235
1424,US,34.40943935725,n/a,4.5,400
1425,US,1214.4719223902798,$,4.5,1315
1426,US,532.279932304788,$$$,4.0,817
1427,US,580.3184971458179,$$,4.5,583
1428,US,929.314391573378,$$,4.5,915
1429,US,1069.2776992152678,$$,4.0,1215
1430,US,2126.7542429122936,$$,4.5,2965
1431,US,1597.577559408534,n/a,4.5,1166
1432,US,752.569633359284,$$$$,4.5,462
1433,US,438.054940368914,$$,4.0,713
1434,US,839.96246731718,$$$,4.0,1415
1435,US,543.4987116120119,$$,4.5,449
1436,US,1786.6084495201442,$$,4.0,5363
1437,US,306.71933568822,$$,4.0,844
1438,US,1222.992335803564,$$,4.0,1268
1439,US,1221.705191465188,$$,4.5,688
1440,US,973.084157441506,$$,4.0,1341
1441,DK,105.523127315696,n/a,4.0,37
1442,DK,142.69648243349198,$$,4.5,7
1443,DK,710.5138749414059,n/a,5.0,4
1444,DK,747.2842120553059,$,5.0,7
1445,DK,720.354596684314,$,4.5,3
1446,DK,750.1851718072879,n/a,4.0,5
1447,DK,1092.211826767812,$$$,4.5,5
1448,DK,449.780023511894,n/a,5.0,3
1449,DK,842.9279678795879,$$,3.5,8
1450,DK,500.790421829166,n/a,4.5,5
1451,DK,875.89230167131,$$,4.5,3
1452,DK,948.842559908254,$,4.5,3
1453,DK,356.21032134974797,n/a,4.5,2
1454,DK,800.351711247154,$$,4.5,2
1455,DK,701.31031633207,n/a,4.5,2
1456,DK,1072.219638718208,$,3.5,8
1457,DK,700.783605743246,$,4.0,2
1458,DK,786.5251425980019,$$,5.0,1
1459,DK,621.811123679464,n/a,5.0,1
1460,DK,418.15046134931004,$,2.5,5
1461,US,932.2608349752419,$$,4.5,1174
1462,US,1121.629717064312,$$,4.0,1323
1463,US,1087.220642866308,$$,4.0,770
1464,US,1033.606676505928,$$,4.0,572
1465,US,965.0405592834219,$$,3.5,1198
1466,US,768.1571762763119,$$,4.5,437
1467,US,849.123522291512,$$,4.5,261
1468,US,405.7223066451999,n/a,4.0,346
1469,US,547.393011695158,$$,4.0,462
1470,US,405.7223066451999,n/a,4.0,212
1471,US,753.776729447928,$$,4.0,367
1472,US,765.4221367424519,n/a,4.5,120
1473,US,408.10905925361993,$$$$,4.5,157
1474,US,1526.745532343264,$,4.5,184
1475,US,1665.7572213106878,$$$,4.5,236
1476,US,2367.021511645296,$$,4.0,559
1477,US,577.903244896272,$$,3.5,234
1478,US,2565.219109377054,$$,4.0,474
1479,US,2509.486016569158,$$$,4.0,425
1480,US,1071.51045214788,$,4.5,140
1481,US,2080.532892012912,$,4.5,232
1482,US,917.7325536916559,$$,5.0,74
1483,US,2664.511312528174,$$,4.0,271
1484,US,3269.256961856168,$,5.0,125
1485,US,963.608159618128,$,4.5,41
1486,US,923.237080360208,$,4.0,53
1487,US,2639.4241381470656,$,4.5,52
1488,US,699.860227445232,$,4.5,23
1489,US,3347.4375160303343,$,4.5,42
1490,US,2769.993255384864,$$,5.0,15
1491,US,2962.931824988644,$,4.0,45
1492,US,1756.529112436944,$,4.0,40
1493,US,2581.534615999794,$,4.0,43
1494,US,2717.60392901127,$,4.5,17
1495,US,2840.655312327902,$$,3.5,102
1496,US,980.168871076892,$,4.0,33
1497,US,2900.4856207840517,$$,3.0,71
1498,US,3817.5305250588635,$,4.5,22
1499,US,1530.30298549436,$,3.0,33
1500,US,1288.338117337078,$,4.0,9
1501,NL,330.133060562022,n/a,5.0,17
1502,NL,120.43392071476599,€€,4.0,3
1503,NL,354.25373325327797,€€€,4.0,4
1504,NL,2824.390576358812,n/a,5.0,1
1505,NL,2678.124536445282,n/a,4.0,1
1506,NL,4334.634882633996,n/a,5.0,1
1507,NL,6.608002021681999,n/a,3.0,1
1508,NL,3921.906078530486,n/a,3.0,1
1509,NL,5378.860046097646,€€,3.0,3
1510,NL,1049.355982876792,n/a,3.0,1
1511,NL,3267.1499118960114,n/a,4.0,1
1512,US,1932.272121196506,$$,3.0,88
1513,IT,702.168963756604,€€,5.0,41
1514,IT,779.58885694241,€€,5.0,24
1515,IT,571.9471649434339,€€€,5.0,20
1516,IT,525.4031223838399,€€€€,4.5,27
1517,IT,494.930610824854,€€,4.5,25
1518,IT,580.60234738513,€€€,4.5,24
1519,IT,594.26328308335,n/a,3.5,55
1520,IT,723.742779776078,€,5.0,11
1521,IT,563.315916767152,€€€,4.5,17
1522,IT,531.2175986022199,€€,4.5,16
1523,IT,616.328522659072,€€,4.5,14
1524,IT,483.6724504850279,€€€,4.5,11
1525,IT,475.52158064270594,€€€,4.0,16
1526,IT,414.668480611524,€€€,4.0,13
1527,IT,739.2269188966239,€€,4.5,14
1528,IT,253.90178019496,€€€,4.5,9
1529,IT,1202.8826411501238,€€€€,4.5,14
1530,IT,1142.55396097321,€€€,4.5,13
1531,IT,695.5378417955479,€€€€,5.0,5
1532,IT,545.0097732415619,€€€,4.5,8
1533,DE,10.030599240006,n/a,4.5,143
1534,DE,1025.4066942738918,€€€,4.5,292
1535,DE,1612.71468217757,n/a,4.5,501
1536,DE,830.098550317786,n/a,4.5,199
1537,DE,763.6779480517099,€,4.0,495
1538,DE,597.1136052741,n/a,4.0,424
1539,DE,965.991118529366,€€,4.0,595
1540,DE,300.256589637192,n/a,4.5,104
1541,DE,912.034963515608,€€,4.0,259
1542,DE,1195.260752353498,€,4.5,149
1543,DE,763.3885898462479,€€,4.0,242
1544,DE,568.472550315762,€€,4.0,195
1545,DE,1192.516896855118,€€,4.5,125
1546,DE,2945.0598315055136,€,4.5,808
1547,DE,1700.589921272222,n/a,4.5,274
1548,DE,1208.8597138167238,€,4.0,250
1549,DE,928.6713123450319,€€,4.0,205
1550,DE,926.7090592108281,€€,4.0,275
1551,DE,894.45741133833,€€,4.0,201
1552,DE,1068.636308828318,€€,4.0,264
1553,FI,5.657630585715999,n/a,4.5,53
1554,FI,315.26677458718996,€€,4.0,81
1555,FI,519.420686269822,€,4.5,55
1556,FI,792.807544238356,€€€,4.5,38
1557,FI,342.168985311992,€€€,4.0,48
1558,FI,245.328441060832,€€,4.5,31
1559,FI,462.683581436288,n/a,4.5,30
1560,FI,488.9746547911959,€,4.5,20
1561,FI,1012.809999024272,€€,4.5,40
1562,FI,753.2481451045419,€€€,4.0,42
1563,FI,1590.945265204222,€€€€,5.0,27
1564,FI,826.015643311472,€€,4.0,54
1565,FI,768.524706080132,€€,4.5,28
1566,FI,504.82573357058396,€€,4.0,36
1567,FI,161.256611997882,€€,4.0,27
1568,FI,195.572403538664,€€,4.5,16
1569,FI,919.7133338698079,€€€€,5.0,22
1570,FI,1439.906436230152,€€€,4.5,62
1571,FI,932.033220386352,€€€,4.5,42
1572,FI,263.59459007341195,€€,4.0,29
1573,DK,570.93893177991,$,4.5,165
1574,DK,694.783019653642,$$,4.5,162
1575,DK,1083.908346914772,$$$,4.5,166
1576,DK,817.4446961393859,$,4.0,237
1577,DK,631.569212733534,$$$,4.5,105
1578,DK,956.065767228548,$,4.5,132
1579,DK,851.9252277692681,$$$,4.0,155
1580,DK,1126.3654174361461,$,4.5,112
1581,DK,1416.144073433856,$,4.5,198
1582,DK,459.414878160134,$$,4.5,99
1583,DK,490.40824247127796,$,4.5,74
1584,DK,348.24253903813,$$,4.5,67
1585,DK,287.78689899422,$,4.5,67
1586,DK,782.515435777852,$,4.5,69
1587,DK,705.60205033118,$$$,4.5,45
1588,DK,393.542792396146,$$$,4.5,44
1589,DK,698.203159731654,$$,4.0,111
1590,DK,717.73488390326,$$,4.0,97
1591,DK,890.0650810363679,$$$,4.0,81
1592,DK,939.82717305655,$$,4.0,122
1593,GB,636.768037222386,n/a,4.5,154
1594,GB,601.0419787865279,££,4.5,75
1595,GB,557.248057690604,£££,4.5,42
1596,GB,602.020182470322,££,4.5,51
1597,GB,833.3782931835378,££,4.5,50
1598,GB,530.555709890756,££,4.5,56
1599,GB,562.965061013204,££,4.5,27
1600,GB,796.2580289048699,£,4.5,27
1601,GB,1066.9273159205738,££,4.5,29
1602,GB,592.48883606473,££,3.5,63
1603,GB,947.6083475671479,££,5.0,14
1604,GB,1224.744178837214,£££,5.0,21
1605,GB,735.8061299327239,£££,4.5,18
1606,GB,836.997490594942,£,5.0,17
1607,GB,830.0757805707959,££,4.5,26
1608,GB,836.4063854846979,n/a,4.0,25
1609,GB,1305.9925383519837,£,5.0,16
1610,GB,758.8448835754799,£,4.0,24
1611,GB,269.719530186684,£,4.5,13
1612,GB,651.174901045002,n/a,5.0,14
1613,GB,395.60668420272,£££,4.5,82
1614,GB,564.7614682807939,££,4.0,90
1615,GB,690.6083329527319,£££,4.5,65
1616,GB,24.098257320934,n/a,4.0,105
1617,GB,967.52507881404,££,4.0,109
1618,GB,1089.305841529812,£,4.5,56
1619,GB,711.058107380414,££,4.0,74
1620,GB,842.895901780088,£,4.0,73
1621,GB,377.058199178834,££,4.0,55
1622,GB,506.02019086847196,n/a,4.5,37
1623,GB,671.703999036614,££,4.5,59
1624,GB,939.8952548977779,££,4.5,75
1625,GB,818.1713445315158,£,4.0,73
1626,GB,1086.369776761608,££,4.5,51
1627,GB,485.275925245398,££,4.0,46
1628,GB,442.93996946814,££,4.5,27
1629,GB,669.2436963715139,££,4.5,36
1630,GB,1482.087588949074,££,4.5,56
1631,GB,552.205205606532,£,5.0,21
1632,GB,647.2318250851359,££,4.0,38
1633,FR,211.33560656042798,n/a,5.0,16
1634,FR,728.97384336848,€€,4.0,46
1635,FR,728.97384336848,€€,3.5,90
1636,FR,804.9521406374299,€€€,3.5,60
1637,FR,4.561194002943999,€€€,3.5,48
1638,FR,292.417450723144,n/a,4.0,11
1639,FR,536.270689790174,€€€,3.5,32
1640,FR,0.0,€€€,3.5,18
1641,FR,661.32714112237,€€€,3.0,52
1642,FR,827.2586233368979,€€€,4.0,16
1643,FR,353.835855569426,€€€€,4.0,8
1644,FR,656.2483384748399,€€€€,3.5,15
1645,FR,117.710676516568,€€,3.5,16
1646,FR,728.97384336848,€€€,3.5,21
1647,FR,753.903646345546,€€,3.0,23
1648,FR,760.9977021996319,€€,4.0,8
1649,FR,1866.253341677508,€,4.0,17
1650,FR,1764.96496597674,€€,4.5,12
1651,FR,712.147698635496,€€€,2.5,25
1652,FR,1671.9680768445298,€€,4.0,6
1653,GB,30.029822197551997,n/a,4.5,111
1654,GB,950.863771857094,££,4.5,23
1655,GB,3821.2517470623698,£££,4.5,12
1656,GB,4009.9812686250316,£,4.0,9
1657,GB,1664.2329478044078,£,3.0,7
1658,GB,2264.8018264971256,££,3.5,5
1659,GB,3925.1535002163478,£,4.5,4
1660,GB,4005.9370416228157,n/a,4.5,4
1661,GB,4131.7826508486205,£,4.5,4
1662,GB,3848.0455029161662,££,4.5,2
1663,GB,956.4847120657539,££,3.0,2
1664,GB,3953.6187397686394,n/a,5.0,1
1665,GB,4297.427143806165,n/a,3.5,2
1666,GB,4018.5376828131816,n/a,4.0,1
1667,US,69.646200335934,$$,4.0,2060
1668,US,721.436709175482,$$,4.5,1895
1669,US,100.184873149792,$$,4.0,2313
1670,US,132.089613623098,$$,4.0,1592
1671,US,1938.289736839188,$,4.0,3315
1672,US,78.51483066836799,$,4.0,631
1673,US,450.47590776058394,$,4.0,974
1674,US,1635.3875489917118,$,4.0,2237
1675,US,237.41850631458001,$,4.0,821
1676,US,2010.3171699082757,$$,4.0,2447
1677,US,1929.3910873267998,$,4.5,1412
1678,US,70.46378174888599,$$,3.5,1170
1679,US,45.085114050937996,$$,4.0,1147
1680,US,720.118784922134,$,4.0,1182
1681,US,185.557263618698,$,4.0,479
1682,US,1999.167360476092,$$,4.5,1243
1683,US,81.38556798075399,$$,4.0,634
1684,US,1684.8511150401878,$,4.0,1573
1685,US,1865.402531738774,$,4.0,883
1686,US,104.798756783402,$$,4.0,276
1687,FR,392.04508732299195,€€,4.0,114
1688,FR,575.288191154518,€€€,4.5,84
1689,FR,597.766826402192,€€,4.5,56
1690,FR,134.744674752582,n/a,4.0,80
1691,FR,116.871602046048,€€€€,4.5,57
1692,FR,562.679282945506,€€,4.5,39
1693,FR,194.21323093551197,€€,3.5,118
1694,FR,135.386625833588,€€,3.5,117
1695,FR,312.841153038156,€€€€,4.5,23
1696,FR,648.31650511734,€€,4.0,48
1697,FR,262.314209469188,n/a,4.5,22
1698,FR,330.706703206728,€€,4.5,21
1699,FR,306.39847577879596,n/a,4.0,57
1700,FR,346.162308407206,€€,4.5,32
1701,FR,715.337956725492,€€,4.0,55
1702,FR,283.984589107342,€€,4.0,45
1703,FR,201.516432592648,€€,4.5,22
1704,FR,404.33223165630193,€€,4.5,25
1705,FR,731.827414655756,n/a,4.5,27
1706,FR,344.82592631153,€€€,4.5,17
1707,FR,0.137016310788,n/a,4.0,35
1708,FR,0.0,€€,3.5,8
1709,FR,2022.863956949552,€€,3.5,6
1710,FR,2211.885686054146,€€,4.0,6
1711,FR,2979.7861035597716,n/a,4.5,3
1712,FR,2445.202969463872,€€,3.5,6
1713,FR,2979.7861035597716,n/a,5.0,1
1714,FR,475.70721672423394,€€,3.0,1
1715,FR,2301.5548910476077,n/a,3.5,2
1716,FR,2339.8098464036498,n/a,4.5,2
1717,FR,2313.362988293006,n/a,3.0,1
1718,FR,2395.5764815586276,n/a,3.0,1
1719,FR,4299.47978069345,n/a,3.0,2
1720,FR,918.82960954846,n/a,4.0,1
1721,FR,2204.065960447584,n/a,4.0,1
1722,FR,2211.0296690958417,n/a,4.0,1
1723,FR,4148.523516333135,n/a,4.5,2
1724,AT,360.668016444216,n/a,4.5,99
1725,AT,351.062789262574,€€,4.5,77
1726,AT,379.976384179638,€€,4.5,61
1727,AT,897.63891880301,€€,4.5,84
1728,AT,362.726874396204,€€€,4.0,69
1729,AT,254.91604548667198,€€,5.0,20
1730,AT,531.3188346177219,€€€,4.0,99
1731,AT,376.48684244066396,€€,4.0,42
1732,AT,730.808948503842,€,4.5,43
1733,AT,545.076751719286,€€,4.5,41
1734,AT,624.1616061095019,€€,4.0,48
1735,AT,981.21633689187,n/a,4.5,39
1736,AT,864.9609747891201,€€,4.0,58
1737,AT,799.7072816216139,€€€,4.0,66
1738,AT,1350.201015132132,€€,4.0,85
1739,AT,170.045271328904,€€,4.5,27
1740,AT,866.5517677893558,€€,4.5,37
1741,AT,545.16617163864,€€,4.0,35
1742,AT,845.7068580660319,€€,4.0,38
1743,AT,729.034580181948,€,4.5,25
1744,CZ,20.814511221931998,n/a,4.5,85
1745,CZ,1040.012977048598,n/a,4.5,224
1746,CZ,1257.615308507506,$$,4.5,194
1747,CZ,1166.64609378984,$$,4.5,274
1748,CZ,1861.594904270668,$$,4.5,222
1749,CZ,67.529925477964,n/a,4.5,51
1750,CZ,1264.333887797786,$$,4.5,164
1751,CZ,205.044959949386,$$,4.5,74
1752,CZ,1567.2699694721998,$$,4.5,130
1753,CZ,1956.9831353661762,$$,4.5,140
1754,CZ,871.7719115270559,$$,4.5,91
1755,CZ,1622.162949785276,$$,4.0,270
1756,CZ,1691.4022079026577,$$,4.5,126
1757,CZ,1433.1789242982018,$$,4.5,137
1758,CZ,1647.415214126,$$,4.0,291
1759,CZ,1876.6022170315678,$$,4.0,367
1760,CZ,787.882494393878,$$$$,4.5,49
1761,CZ,1136.89791944981,$$,4.5,87
1762,CZ,1635.008763463932,$$,4.5,136
1763,CZ,631.813289583152,$$,4.0,83
1764,CH,0.0,n/a,4.5,35
1765,CH,284.432222200322,$$,4.0,52
1766,CH,135.46831239144,$$$,4.0,45
1767,CH,142.691582636928,$$$$,4.5,13
1768,CH,772.73951555845,$$,4.5,31
1769,CH,235.170449524172,$$,4.0,22
1770,CH,988.8289882378299,$$,4.5,18
1771,CH,550.921229897682,$$,4.0,21
1772,CH,67.55067067523399,n/a,4.5,13
1773,CH,351.714996023664,$$$$,4.0,18
1774,CH,433.89872020076797,$$$,4.5,22
1775,CH,218.54034847449597,$$,4.0,23
1776,CH,57.207267238107995,$$,3.5,19
1777,CH,171.07017387521398,$$$,3.5,27
1778,CH,226.821532048374,$,4.0,11
1779,CH,498.92016001776796,$,4.0,9
1780,CH,420.562362470174,$$$,4.0,16
1781,CH,87.53826196699599,n/a,5.0,9
1782,CH,268.996772052136,$,4.5,11
1783,CH,808.8435302291858,n/a,4.0,18
1784,IT,327.258385999326,€€€,5.0,88
1785,IT,62.298261440808,€€,4.5,79
1786,IT,304.664764213322,n/a,5.0,26
1787,IT,31.3904744279,n/a,4.5,20
1788,IT,306.220830070368,€€€,4.0,42
1789,IT,175.651896458264,€€,4.5,30
1790,IT,386.06767621218995,€€,5.0,14
1791,IT,71.57380116125799,€€,4.5,18
1792,IT,238.72220368045998,€€€,4.5,18
1793,IT,225.440755665062,€,4.5,17
1794,IT,92.71084278753399,€€€,4.0,17
1795,IT,328.1084170175,€€€,5.0,12
1796,IT,477.210166797382,€€,4.5,21
1797,IT,729.611747281254,€€€,4.5,15
1798,IT,294.39484259686,€€,4.0,21
1799,IT,158.57849626822798,€€,4.5,12
1800,IT,442.04483444338996,€€,4.5,14
1801,IT,139.694352488014,€€€,4.5,8
1802,IT,126.945109187266,€€,4.0,11
1803,IT,108.15047802439,n/a,4.5,7
1804,IT,26.974176547186,€€€,4.5,9
1805,IT,55.031047040081994,€€€,5.0,11
1806,IT,40.950128319422,n/a,4.5,7
1807,IT,190.311190731636,€€,4.5,7
1808,IT,3559.008328114564,€€€,5.0,16
1809,IT,144.853609260824,€,5.0,2
1810,IT,47.383240627426,n/a,4.0,4
1811,IT,42.31972510055599,€€€,2.5,18
1812,IT,2890.913218666654,n/a,4.0,6
1813,IT,2918.7094850318676,n/a,4.0,9
1814,IT,82.885142302318,€,3.5,3
1815,IT,3690.354564256232,n/a,5.0,5
1816,IT,3546.8825643731034,€€€,4.0,9
1817,IT,104.33107115308799,n/a,3.5,4
1818,IT,92.212418924154,n/a,5.0,1
1819,IT,34.264678902381995,n/a,5.0,1
1820,IT,3049.366720715762,€€€,4.5,7
1821,IT,42.676882708076,n/a,3.5,2
1822,IT,873.3935192040079,n/a,5.0,1
1823,IT,39.057705091554,€€€€,3.0,2
1824,BE,0.21040639907199996,n/a,3.5,101
1825,BE,4984.303701830209,€€,4.5,258
1826,BE,5128.106275759936,€€,4.0,344
1827,BE,202.882186430796,n/a,3.5,23
1828,BE,1759.881009256926,€€,4.0,30
1829,BE,5009.316371172282,€€,4.5,99
1830,BE,4784.378663970024,€€€,4.0,100
1831,BE,5106.343983978504,€€,4.0,134
1832,BE,4702.627715619954,€€€€,4.0,72
1833,BE,1.900860997488,€€€€,3.5,16
1834,BE,4789.381059338638,€€,4.0,71
1835,BE,5152.6993690816535,€,4.5,65
1836,BE,4942.065519090642,€€,4.0,71
1837,BE,4405.66018918019,€€€,4.5,32
1838,BE,4920.512659735714,€€,3.5,172
1839,BE,4669.123150369397,€€€,4.0,59
1840,BE,4896.254356287658,€€€,4.0,44
1841,BE,2815.350563708296,€€€,4.0,24
1842,BE,1288.8671611470338,€€€€,5.0,5
1843,BE,4426.0362579280145,€€,4.0,57
1844,ES,16.685972828323997,n/a,4.5,123
1845,ES,767.4856344216599,€€,4.5,55
1846,ES,907.420186054562,€€€€,4.5,19
1847,ES,780.2266049101379,€€,4.5,26
1848,ES,1122.32954049452,n/a,4.5,28
1849,ES,56.063932878396,€€€,4.0,22
1850,ES,277.50509690801,€€,4.5,14
1851,ES,852.090098053974,€€,4.0,34
1852,ES,945.8421725561279,€,4.0,27
1853,ES,1397.273671164166,€€,4.5,17
1854,ES,71.132128258968,€€€€,4.5,8
1855,ES,867.6768519115999,€,5.0,8
1856,ES,1437.4884725645738,€,4.0,19
1857,ES,1376.1348454235658,€€,5.0,8
1858,ES,1323.5990477057499,€,4.0,16
1859,ES,282.72133799620997,€€€,4.5,6
1860,ES,749.109180601744,n/a,5.0,5
1861,ES,969.005442765892,€€,3.5,11
1862,ES,1334.2935103174,€,4.5,8
1863,ES,797.427350243166,€€,4.5,6
1864,US,608.0886905936919,$$$,4.0,1663
1865,US,2035.2388453964738,$$$$,4.5,2341
1866,US,813.394650729334,$$$,4.0,2065
1867,US,1111.006822285264,$$,4.0,3274
1868,US,2663.7579082148077,$$,4.0,5045
1869,US,470.974691902088,$$,4.0,1791
1870,US,2533.660307963062,$$,4.0,4169
1871,US,158.49476407830198,$$$,4.0,1181
1872,US,475.39829972695,$,4.5,477
1873,US,2104.777564512102,$$,4.0,3782
1874,US,391.55953367345995,$$,4.5,552
1875,US,432.76825718144204,$$,4.0,1094
1876,US,1462.077338632914,$,4.5,1236
1877,US,895.444945331708,$$$,3.5,2865
1878,US,1257.703309471782,$$,3.5,2698
1879,US,837.73798446096,$,4.0,1317
1880,US,1470.507802332116,n/a,4.0,1624
1881,US,514.199280487694,$$,3.5,1581
1882,US,896.869592645288,$$,4.0,1589
1883,US,743.813241295262,$$,3.5,1732
1884,DK,496.645099145896,n/a,4.0,132
1885,DK,1304.8912607135578,$,4.0,237
1886,DK,1626.8436030042778,$,4.5,165
1887,DK,377.330609263822,$$,4.0,123
1888,DK,1310.325120297106,$$$,4.5,105
1889,DK,703.83267353823,$$$$,5.0,34
1890,DK,1682.0474110840198,$$$,4.5,166
1891,DK,1386.4470886586778,$,4.5,132
1892,DK,1301.169121869054,$$,4.5,74
1893,DK,340.708850120204,$,4.0,66
1894,DK,1247.635951296836,$,4.5,69
1895,DK,1202.9863792065241,n/a,4.0,123
1896,DK,1449.715428869356,$,4.5,112
1897,DK,382.733756524678,$$$,4.0,58
1898,DK,1000.57777213099,$$,4.0,122
1899,DK,1230.93928311674,$$,4.0,97
1900,DK,1077.787152701284,$$$,4.5,47
1901,DK,1253.4605529996938,n/a,4.5,48
1902,DK,758.360224075252,$$$,4.0,71
1903,DK,1023.0614185415559,$$,4.5,48
1904,US,1169.66282093192,n/a,4.5,821
1905,US,85.35443924681,n/a,4.5,291
1906,US,2442.060450352834,$$,4.0,1215
1907,US,1908.5031419206678,$,4.0,1440
1908,US,2492.61904191477,$$,4.5,915
1909,US,1328.746032778258,n/a,4.5,178
1910,US,1624.0053502197918,$$,4.0,522
1911,US,2373.60519782705,$,4.5,346
1912,US,2069.197841914038,$$,4.0,595
1913,US,2095.430505882986,$$,4.0,652
1914,US,1673.0006525630258,$$$,4.0,546
1915,US,2361.3508577974976,$$,4.0,793
1916,US,2685.667538452854,n/a,4.5,400
1917,US,3371.549458373958,$$,4.0,982
1918,US,2061.99598635126,$$,3.5,1149
1919,US,2147.183740138778,n/a,4.5,271
1920,US,2490.453596248044,$$,4.0,660
1921,US,1081.911712967346,$$$,3.5,366
1922,US,2587.309132788776,$$,4.5,499
1923,US,2310.839175116948,$$,4.5,252
1924,GB,774.6130177759379,££,4.5,1147
1925,GB,663.503032854102,£££,4.5,286
1926,GB,560.91401415384,££,4.5,272
1927,GB,496.438373468338,££,4.0,410
1928,GB,849.873811727308,£££,4.0,441
1929,GB,787.6953387735219,££,4.5,238
1930,GB,554.4312314979439,££,4.5,178
1931,GB,585.7038830866979,££,4.5,200
1932,GB,761.647176140468,££,4.0,252
1933,GB,1136.443680177064,££,4.5,287
1934,GB,1856.3655835934858,n/a,4.0,876
1935,GB,419.537586417988,££££,4.0,210
1936,GB,2078.29138024735,n/a,4.5,403
1937,GB,261.136272368268,££,4.5,168
1938,GB,782.613384877338,££,4.0,420
1939,GB,1299.411009812368,££,4.5,371
1940,GB,1254.0384805121498,£££,4.0,529
1941,GB,824.10271290772,££,4.0,293
1942,GB,729.35017867611,££,4.5,131
1943,GB,796.9071500783779,££,4.0,354
1944,GB,112.62529343871199,££,4.0,98
1945,GB,344.679019479904,£££,4.5,49
1946,GB,477.35996641765803,££,4.0,104
1947,GB,209.50128227683396,£,4.5,46
1948,GB,123.084061448134,£,4.5,27
1949,GB,994.6665254937399,££,4.5,41
1950,GB,96.1908874893,££,4.0,33
1951,GB,372.733730399454,££,4.0,32
1952,GB,29.912649531765997,££,3.5,49
1953,GB,528.298554857592,£,4.0,37
1954,GB,472.60551964883393,££,4.0,28
1955,GB,225.86982550394399,££,4.0,29
1956,GB,185.782703828314,££,4.0,36
1957,GB,377.064665024152,£££,4.5,14
1958,GB,795.2010349924219,££,4.0,30
1959,GB,530.831152133238,££,4.0,21
1960,GB,825.1591630241819,££,4.0,20
1961,GB,591.555438820546,n/a,5.0,13
1962,GB,334.708549366582,££,5.0,10
1963,GB,433.81954533985396,££,4.0,26
1964,TR,327.116578683358,n/a,4.5,170
1965,TR,1.19239299747,n/a,4.5,97
1966,TR,343.756291033382,n/a,4.5,111
1967,TR,792.34202751556,??,4.5,95
1968,TR,874.7746126273,n/a,4.5,107
1969,TR,445.09482390739197,?,4.5,49
1970,TR,606.863989773854,??,5.0,49
1971,TR,278.75400896067595,??,4.0,71
1972,TR,936.6043449827,??,4.0,122
1973,TR,1380.724394709838,??,4.5,69
1974,TR,350.06519383644996,??,4.0,33
1975,TR,305.35962459990395,???,5.0,25
1976,TR,1437.7272722273979,??,4.0,87
1977,TR,2013.129555770942,???,4.5,50
1978,TR,366.64951849729795,??,4.5,27
1979,TR,1601.7330476488478,n/a,4.5,32
1980,TR,1889.485516423108,?,4.5,40
1981,TR,240.73612966431796,???,4.5,24
1982,TR,813.799332147054,n/a,4.5,30
1983,TR,868.06136668978,??,4.5,35
1984,GB,588.165070727864,££,4.5,1147
1985,GB,481.496914417436,££,4.5,287
1986,GB,569.59058247106,£££,4.0,529
1987,GB,810.2239895725179,££,4.5,371
1988,GB,722.8052906240099,£££,4.5,286
1989,GB,403.985827336794,£££,4.0,441
1990,GB,524.032118234876,£££,4.0,427
1991,GB,348.21748499394397,££,4.5,287
1992,GB,383.42875450982996,££,4.5,238
1993,GB,718.461074599094,££,4.5,272
1994,GB,1244.08393208225,n/a,4.5,403
1995,GB,322.01486740279597,£££,4.5,232
1996,GB,457.690900204848,£,4.0,327
1997,GB,1279.445588788446,n/a,4.0,876
1998,GB,402.47619641050403,££,4.0,252
1999,GB,838.7663010611459,n/a,4.5,166
2000,GB,807.31599555633,££,4.0,410
2001,GB,185.00956273012198,££,4.0,297
2002,GB,1429.218319246122,n/a,4.5,343
2003,GB,517.7391530476959,££,4.0,420
2004,GB,496.1445734844759,££,4.5,1147
2005,GB,842.0607357526919,n/a,4.5,403
2006,GB,785.0122925089099,n/a,4.0,876
2007,GB,324.588202867466,££,4.5,371
2008,GB,977.221358268598,££,4.5,287
2009,GB,629.437268214786,£££,4.5,286
2010,GB,970.6613084634239,n/a,4.5,296
2011,GB,1073.089142911316,£££,4.0,529
2012,GB,709.5300881352839,££,4.5,272
2013,GB,797.4968816169319,£££,4.0,441
2014,GB,774.335541327696,n/a,4.5,166
2015,GB,896.993856063114,£££,4.0,427
2016,GB,683.7662784993579,££,4.5,238
2017,GB,648.7077256934319,n/a,4.5,167
2018,GB,786.7926221480319,££,4.0,410
2019,GB,846.85619671235,££,4.5,287
2020,GB,666.2569344964979,££,4.0,252
2021,GB,3.2921806499419994,n/a,4.0,190
2022,GB,825.6288955740421,£££,4.5,232
2023,GB,951.9503172752919,£,4.0,327
2024,FR,1159.4652687603138,n/a,4.0,31
2025,FR,461.68436089863195,n/a,5.0,2
2026,IE,7.113236933809999,n/a,5.0,2
2027,IE,679.645932772888,n/a,4.0,5
